-- MySQL dump 10.13  Distrib 5.5.28, for debian-linux-gnu (x86_64)
--
-- Host: localhost    Database: cap
-- ------------------------------------------------------
-- Server version	5.5.28-0ubuntu0.12.04.2

/*!40101 SET @OLD_CHARACTER_SET_CLIENT=@@CHARACTER_SET_CLIENT */;
/*!40101 SET @OLD_CHARACTER_SET_RESULTS=@@CHARACTER_SET_RESULTS */;
/*!40101 SET @OLD_COLLATION_CONNECTION=@@COLLATION_CONNECTION */;
/*!40101 SET NAMES utf8 */;
/*!40103 SET @OLD_TIME_ZONE=@@TIME_ZONE */;
/*!40103 SET TIME_ZONE='+00:00' */;
/*!40014 SET @OLD_UNIQUE_CHECKS=@@UNIQUE_CHECKS, UNIQUE_CHECKS=0 */;
/*!40014 SET @OLD_FOREIGN_KEY_CHECKS=@@FOREIGN_KEY_CHECKS, FOREIGN_KEY_CHECKS=0 */;
/*!40101 SET @OLD_SQL_MODE=@@SQL_MODE, SQL_MODE='NO_AUTO_VALUE_ON_ZERO' */;
/*!40111 SET @OLD_SQL_NOTES=@@SQL_NOTES, SQL_NOTES=0 */;

--
-- Table structure for table `terms`
--

DROP TABLE IF EXISTS `terms`;
/*!40101 SET @saved_cs_client     = @@character_set_client */;
/*!40101 SET character_set_client = utf8 */;
CREATE TABLE `terms` (
  `id` int(11) NOT NULL AUTO_INCREMENT,
  `parent` int(11) DEFAULT NULL,
  `sortkey` varchar(256) DEFAULT NULL,
  `term` text,
  PRIMARY KEY (`id`),
  KEY `sortkey` (`sortkey`(255)),
  KEY `parent` (`parent`)
) ENGINE=InnoDB AUTO_INCREMENT=1605 DEFAULT CHARSET=utf8;
/*!40101 SET character_set_client = @saved_cs_client */;

--
-- Dumping data for table `terms`
--

LOCK TABLES `terms` WRITE;
/*!40000 ALTER TABLE `terms` DISABLE KEYS */;
INSERT INTO `terms` VALUES (1071,NULL,'oop-debates-en','English'),(1072,1071,'1-soc','Senate'),(1073,1072,'p24','24th Parliament'),(1074,1073,'s05','5th Session'),(1075,NULL,'oop-debates-fr','Français'),(1076,1075,'2-hoc','Chambre des communes'),(1077,1076,'p01','1re Législature'),(1078,1077,'s01','1re Session'),(1079,1077,'s02','2e Session'),(1080,1077,'s03','3e Session'),(1081,1077,'s04','4e Session'),(1082,1077,'s05','5e Session'),(1083,1076,'p02','2e Législature'),(1084,1083,'s01','1re Session'),(1085,1083,'s02','2e Session'),(1086,1076,'p03','3e Législature'),(1087,1086,'s01','1re Session'),(1088,1086,'s02','2e Session'),(1089,1086,'s03','3e Session'),(1090,1086,'s04','4e Session'),(1091,1086,'s05','5e Session'),(1092,1076,'p04','4e Législature'),(1093,1092,'s01','1re Session'),(1094,1092,'s02','2e Session'),(1095,1092,'s03','3e Session'),(1096,1092,'s04','4e Session'),(1097,1076,'p05','5e Législature'),(1098,1097,'s01','1re Session'),(1099,1097,'s02','2e Session'),(1100,1097,'s03','3e Session'),(1101,1097,'s04','4e Session'),(1102,1076,'p06','6e Législature'),(1103,1102,'s01','1re Session'),(1104,1102,'s02','2e Session'),(1105,1102,'s03','3e Session'),(1106,1102,'s04','4e Session'),(1107,1076,'p07','7e Législature'),(1108,1107,'s01','1re Session'),(1109,1107,'s02','2e Session'),(1110,1107,'s03','3e Session'),(1111,1107,'s04','4e Session'),(1112,1107,'s05','5e Session'),(1113,1107,'s06','6e Session'),(1114,1076,'p08','8e Législature'),(1115,1114,'s01','1re Session'),(1116,1114,'s02','2e Session'),(1117,1114,'s03','3e Session'),(1118,1114,'s04','4e Session'),(1119,1114,'s05','5e Session'),(1120,1076,'p09','9e Législature'),(1121,1120,'s01','1re Session'),(1122,1120,'s02','2e Session'),(1123,1120,'s03','3e Session'),(1124,1120,'s04','4e Session'),(1125,1076,'p10','10e Législature'),(1126,1125,'s01','1re Session'),(1127,1125,'s02','2e Session'),(1128,1125,'s03','3e Session'),(1129,1125,'s04','4e Session'),(1130,1076,'p11','11e Législature'),(1131,1130,'s01','1re Session'),(1132,1130,'s02','2e Session'),(1133,1130,'s03','3e Session'),(1134,1076,'p12','12e Législature'),(1135,1134,'s01','1re Session'),(1136,1134,'s02','2e Session'),(1137,1134,'s03','3e Session'),(1138,1134,'s04','4e Session'),(1139,1134,'s05','5e Session'),(1140,1134,'s06','6e Session'),(1141,1134,'s07','7e Session'),(1142,1076,'p13','13e Législature'),(1143,1142,'s01','1re Session'),(1144,1142,'s02','2e Session'),(1145,1142,'s03','3e Session'),(1146,1142,'s04','4e Session'),(1147,1142,'s05','5e Session'),(1148,1076,'p14','14e Législature'),(1149,1148,'s01','1re Session'),(1150,1148,'s02','2e Session'),(1151,1148,'s03','3e Session'),(1152,1148,'s04','4e Session'),(1153,1076,'p15','15e Législature'),(1154,1153,'s01','1re Session'),(1155,1076,'p16','16e Législature'),(1156,1155,'s01','1re Session'),(1157,1155,'s02','2e Session'),(1158,1155,'s03','3e Session'),(1159,1155,'s04','4e Session'),(1160,1076,'p17','17e Législature'),(1161,1160,'s01','1re Session'),(1162,1160,'s02','2e Session'),(1163,1160,'s03','3e Session'),(1164,1160,'s04','4e Session'),(1165,1160,'s05','5e Session'),(1166,1160,'s06','6e Session'),(1167,1076,'p18','18e Législature'),(1168,1167,'s01','1re Session'),(1169,1167,'s02','2e Session'),(1170,1167,'s03','3e Session'),(1171,1167,'s04','4e Session'),(1172,1167,'s05','5e Session'),(1173,1167,'s06','6e Session'),(1174,1076,'p19','19e Législature'),(1175,1174,'s01','1re Session'),(1176,1174,'s02','2e Session'),(1177,1174,'s03','3e Session'),(1178,1174,'s04','4e Session'),(1179,1174,'s05','5e Session'),(1180,1174,'s06','6e Session'),(1181,1076,'p20','20e Législature'),(1182,1181,'s01','1re Session'),(1183,1181,'s02','2e Session'),(1184,1181,'s03','3e Session'),(1185,1181,'s04','4e Session'),(1186,1181,'s05','5e Session'),(1187,1076,'p21','21e Législature'),(1188,1187,'s01','1re Session'),(1189,1187,'s02','2e Session'),(1190,1187,'s03','3e Session'),(1191,1187,'s04','4e Session'),(1192,1187,'s05','5e Session'),(1193,1187,'s06','6e Session'),(1194,1187,'s07','7e Session'),(1195,1076,'p22','22e Législature'),(1196,1195,'s01','1re Session'),(1197,1195,'s02','2e Session'),(1198,1195,'s03','3e Session'),(1199,1195,'s04','4e Session'),(1200,1195,'s05','5e Session'),(1201,1076,'p23','23e Législature'),(1202,1201,'s01','1re Session'),(1203,1076,'p24','24e Législature'),(1204,1203,'s01','1re Session'),(1205,1203,'s02','2e Session'),(1206,1203,'s03','3e Session'),(1207,1203,'s04','4e Session'),(1208,1203,'s05','5e Session'),(1209,1071,'2-hoc','House of Commons'),(1210,1209,'p01','1st Parliament'),(1211,1210,'s01','1st Session'),(1212,1210,'s02','2nd Session'),(1213,1210,'s03','3rd Session'),(1214,1210,'s04','4th Session'),(1215,1210,'s05','5th Session'),(1216,1209,'p02','2nd Parliament'),(1217,1216,'s01','1st Session'),(1218,1216,'s02','2nd Session'),(1219,1209,'p03','3rd Parliament'),(1220,1219,'s01','1st Session'),(1221,1219,'s02','2nd Session'),(1222,1219,'s03','3rd Session'),(1223,1219,'s04','4th Session'),(1224,1219,'s05','5th Session'),(1225,1209,'p04','4th Parliament'),(1226,1225,'s01','1st Session'),(1227,1225,'s02','2nd Session'),(1228,1225,'s03','3rd Session'),(1229,1225,'s04','4th Session'),(1230,1209,'p05','5th Parliament'),(1231,1230,'s01','1st Session'),(1232,1230,'s02','2nd Session'),(1233,1230,'s03','3rd Session'),(1234,1230,'s04','4th Session'),(1235,1209,'p06','6th Parliament'),(1236,1235,'s01','1st Session'),(1237,1235,'s02','2nd Session'),(1238,1235,'s03','3rd Session'),(1239,1235,'s04','4th Session'),(1240,1209,'p07','7th Parliament'),(1241,1240,'s01','1st Session'),(1242,1240,'s02','2nd Session'),(1243,1240,'s03','3rd Session'),(1244,1240,'s04','4th Session'),(1245,1240,'s05','5th Session'),(1246,1240,'s06','6th Session'),(1247,1209,'p08','8th Parliament'),(1248,1247,'s01','1st Session'),(1249,1247,'s02','2nd Session'),(1250,1247,'s03','3rd Session'),(1251,1247,'s04','4th Session'),(1252,1247,'s05','5th Session'),(1253,1209,'p09','9th Parliament'),(1254,1253,'s01','1st Session'),(1255,1253,'s02','2nd Session'),(1256,1253,'s03','3rd Session'),(1257,1253,'s04','4th Session'),(1258,1209,'p10','10th Parliament'),(1259,1258,'s01','1st Session'),(1260,1258,'s02','2nd Session'),(1261,1258,'s03','3rd Session'),(1262,1258,'s04','4th Session'),(1263,1209,'p11','11th Parliament'),(1264,1263,'s01','1st Session'),(1265,1263,'s02','2nd Session'),(1266,1263,'s03','3rd Session'),(1267,1209,'p12','12th Parliament'),(1268,1267,'s01','1st Session'),(1269,1267,'s02','2nd Session'),(1270,1267,'s03','3rd Session'),(1271,1267,'s04','4th Session'),(1272,1267,'s05','5th Session'),(1273,1267,'s06','6th Session'),(1274,1267,'s07','7th Session'),(1275,1209,'p13','13th Parliament'),(1276,1275,'s01','1st Session'),(1277,1275,'s02','2nd Session'),(1278,1275,'s03','3rd Session'),(1279,1275,'s04','4th Session'),(1280,1275,'s05','5th Session'),(1281,1209,'p14','14th Parliament'),(1282,1281,'s01','1st Session'),(1283,1281,'s02','2nd Session'),(1284,1281,'s03','3rd Session'),(1285,1281,'s04','4th Session'),(1286,1209,'p15','15th Parliament'),(1287,1286,'s01','1st Session'),(1288,1209,'p16','16th Parliament'),(1289,1288,'s01','1st Session'),(1290,1288,'s02','2nd Session'),(1291,1288,'s03','3rd Session'),(1292,1288,'s04','4th Session'),(1293,1209,'p17','17th Parliament'),(1294,1293,'s01','1st Session'),(1295,1293,'s02','2nd Session'),(1296,1293,'s03','3rd Session'),(1297,1293,'s04','4th Session'),(1298,1293,'s05','5th Session'),(1299,1293,'s06','6th Session'),(1300,1209,'p18','18th Parliament'),(1301,1300,'s01','1st Session'),(1302,1300,'s02','2nd Session'),(1303,1300,'s03','3rd Session'),(1304,1300,'s04','4th Session'),(1305,1300,'s05','5th Session'),(1306,1300,'s06','6th Session'),(1307,1209,'p19','19th Parliament'),(1308,1307,'s01','1st Session'),(1309,1307,'s02','2nd Session'),(1310,1307,'s03','3rd Session'),(1311,1307,'s04','4th Session'),(1312,1307,'s05','5th Session'),(1313,1307,'s06','6th Session'),(1314,1209,'p20','20th Parliament'),(1315,1314,'s01','1st Session'),(1316,1314,'s02','2nd Session'),(1317,1314,'s03','3rd Session'),(1318,1314,'s04','4th Session'),(1319,1314,'s05','5th Session'),(1320,1209,'p21','21st Parliament'),(1321,1320,'s01','1st Session'),(1322,1320,'s02','2nd Session'),(1323,1320,'s03','3rd Session'),(1324,1320,'s04','4th Session'),(1325,1320,'s05','5th Session'),(1326,1320,'s06','6th Session'),(1327,1320,'s07','7th Session'),(1328,1209,'p22','22nd Parliament'),(1329,1328,'s01','1st Session'),(1330,1328,'s02','2nd Session'),(1331,1328,'s03','3rd Session'),(1332,1328,'s04','4th Session'),(1333,1328,'s05','5th Session'),(1334,1209,'p23','23rd Parliament'),(1335,1334,'s01','1st Session'),(1336,1209,'p24','24th Parliament'),(1337,1336,'s01','1st Session'),(1338,1336,'s02','2nd Session'),(1339,1336,'s03','3rd Session'),(1340,1336,'s04','4th Session'),(1341,1336,'s05','5th Session'),(1342,1075,'1-soc','Sénat'),(1343,1342,'p01','1re Législature'),(1344,1343,'s01','1re Session'),(1345,1343,'s02','2e Session'),(1346,1343,'s03','3e Session'),(1347,1343,'s04','4e Session'),(1348,1343,'s05','5e Session'),(1349,1342,'p02','2e Législature'),(1350,1349,'s01','1re Session'),(1351,1349,'s02','2e Session'),(1352,1342,'p03','3e Législature'),(1353,1352,'s01','1re Session'),(1354,1352,'s02','2e Session'),(1355,1352,'s03','3e Session'),(1356,1352,'s04','4e Session'),(1357,1352,'s05','5e Session'),(1358,1342,'p04','4e Législature'),(1359,1358,'s01','1re Session'),(1360,1358,'s02','2e Session'),(1361,1358,'s03','3e Session'),(1362,1358,'s04','4e Session'),(1363,1342,'p05','5e Législature'),(1364,1363,'s01','1re Session'),(1365,1363,'s02','2e Session'),(1366,1363,'s03','3e Session'),(1367,1363,'s04','4e Session'),(1368,1342,'p06','6e Législature'),(1369,1368,'s01','1re Session'),(1370,1368,'s02','2e Session'),(1371,1368,'s03','3e Session'),(1372,1368,'s04','4e Session'),(1373,1342,'p07','7e Législature'),(1374,1373,'s01','1re Session'),(1375,1373,'s02','2e Session'),(1376,1373,'s03','3e Session'),(1377,1373,'s04','4e Session'),(1378,1373,'s05','5e Session'),(1379,1373,'s06','6e Session'),(1380,1342,'p08','8e Législature'),(1381,1380,'s01','1re Session'),(1382,1380,'s02','2e Session'),(1383,1380,'s03','3e Session'),(1384,1380,'s04','4e Session'),(1385,1380,'s05','5e Session'),(1386,1342,'p09','9e Législature'),(1387,1386,'s01','1re Session'),(1388,1386,'s02','2e Session'),(1389,1386,'s03','3e Session'),(1390,1386,'s04','4e Session'),(1391,1342,'p10','10e Législature'),(1392,1391,'s01','1re Session'),(1393,1391,'s02','2e Session'),(1394,1391,'s03','3e Session'),(1395,1391,'s04','4e Session'),(1396,1342,'p11','11e Législature'),(1397,1396,'s01','1re Session'),(1398,1396,'s02','2e Session'),(1399,1396,'s03','3e Session'),(1400,1342,'p12','12e Législature'),(1401,1400,'s01','1re Session'),(1402,1400,'s02','2e Session'),(1403,1400,'s03','3e Session'),(1404,1400,'s04','4e Session'),(1405,1400,'s05','5e Session'),(1406,1400,'s06','6e Session'),(1407,1400,'s07','7e Session'),(1408,1342,'p13','13e Législature'),(1409,1408,'s01','1re Session'),(1410,1408,'s02','2e Session'),(1411,1408,'s03','3e Session'),(1412,1408,'s04','4e Session'),(1413,1408,'s05','5e Session'),(1414,1342,'p14','14e Législature'),(1415,1414,'s01','1re Session'),(1416,1414,'s02','2e Session'),(1417,1414,'s03','3e Session'),(1418,1414,'s04','4e Session'),(1419,1342,'p15','15e Législature'),(1420,1419,'s01','1re Session'),(1421,1342,'p16','16e Législature'),(1422,1421,'s01','1re Session'),(1423,1421,'s02','2e Session'),(1424,1421,'s03','3e Session'),(1425,1421,'s04','4e Session'),(1426,1342,'p17','17e Législature'),(1427,1426,'s01','1re Session'),(1428,1426,'s02','2e Session'),(1429,1426,'s03','3e Session'),(1430,1426,'s04','4e Session'),(1431,1426,'s05','5e Session'),(1432,1426,'s06','6e Session'),(1433,1342,'p18','18e Législature'),(1434,1433,'s01','1re Session'),(1435,1433,'s02','2e Session'),(1436,1433,'s03','3e Session'),(1437,1433,'s04','4e Session'),(1438,1433,'s05','5e Session'),(1439,1433,'s06','6e Session'),(1440,1342,'p19','19e Législature'),(1441,1440,'s01','1re Session'),(1442,1440,'s02','2e Session'),(1443,1440,'s03','3e Session'),(1444,1440,'s04','4e Session'),(1445,1440,'s05','5e Session'),(1446,1440,'s06','6e Session'),(1447,1342,'p20','20e Législature'),(1448,1447,'s01','1re Session'),(1449,1447,'s02','2e Session'),(1450,1447,'s03','3e Session'),(1451,1447,'s04','4e Session'),(1452,1447,'s05','5e Session'),(1453,1342,'p21','21e Législature'),(1454,1453,'s01','1re Session'),(1455,1453,'s02','2e Session'),(1456,1453,'s03','3e Session'),(1457,1453,'s04','4e Session'),(1458,1453,'s05','5e Session'),(1459,1453,'s06','6e Session'),(1460,1453,'s07','7e Session'),(1461,1342,'p22','22e Législature'),(1462,1461,'s01','1re Session'),(1463,1461,'s02','2e Session'),(1464,1461,'s03','3e Session'),(1465,1461,'s04','4e Session'),(1466,1461,'s05','5e Session'),(1467,1342,'p23','23e Législature'),(1468,1467,'s01','1re Session'),(1469,1342,'p24','24e Législature'),(1470,1469,'s01','1re Session'),(1471,1469,'s02','2e Session'),(1472,1469,'s03','3e Session'),(1473,1469,'s04','4e Session'),(1474,1469,'s05','5e Session'),(1475,1072,'p01','1st Parliament'),(1476,1475,'s01','1st Session'),(1477,1475,'s02','2nd Session'),(1478,1475,'s03','3rd Session'),(1479,1475,'s04','4th Session'),(1480,1475,'s05','5th Session'),(1481,1072,'p02','2nd Parliament'),(1482,1481,'s01','1st Session'),(1483,1481,'s02','2nd Session'),(1484,1072,'p03','3rd Parliament'),(1485,1484,'s01','1st Session'),(1486,1484,'s02','2nd Session'),(1487,1484,'s03','3rd Session'),(1488,1484,'s04','4th Session'),(1489,1484,'s05','5th Session'),(1490,1072,'p04','4th Parliament'),(1491,1490,'s01','1st Session'),(1492,1490,'s02','2nd Session'),(1493,1490,'s03','3rd Session'),(1494,1490,'s04','4th Session'),(1495,1072,'p05','5th Parliament'),(1496,1495,'s01','1st Session'),(1497,1495,'s02','2nd Session'),(1498,1495,'s03','3rd Session'),(1499,1495,'s04','4th Session'),(1500,1072,'p06','6th Parliament'),(1501,1500,'s01','1st Session'),(1502,1500,'s02','2nd Session'),(1503,1500,'s03','3rd Session'),(1504,1500,'s04','4th Session'),(1505,1072,'p07','7th Parliament'),(1506,1505,'s01','1st Session'),(1507,1505,'s02','2nd Session'),(1508,1505,'s03','3rd Session'),(1509,1505,'s04','4th Session'),(1510,1505,'s05','5th Session'),(1511,1505,'s06','6th Session'),(1512,1072,'p08','8th Parliament'),(1513,1512,'s01','1st Session'),(1514,1512,'s02','2nd Session'),(1515,1512,'s03','3rd Session'),(1516,1512,'s04','4th Session'),(1517,1512,'s05','5th Session'),(1518,1072,'p09','9th Parliament'),(1519,1518,'s01','1st Session'),(1520,1518,'s02','2nd Session'),(1521,1518,'s03','3rd Session'),(1522,1518,'s04','4th Session'),(1523,1072,'p10','10th Parliament'),(1524,1523,'s01','1st Session'),(1525,1523,'s02','2nd Session'),(1526,1523,'s03','3rd Session'),(1527,1523,'s04','4th Session'),(1528,1072,'p11','11th Parliament'),(1529,1528,'s01','1st Session'),(1530,1528,'s02','2nd Session'),(1531,1528,'s03','3rd Session'),(1532,1072,'p12','12th Parliament'),(1533,1532,'s01','1st Session'),(1534,1532,'s02','2nd Session'),(1535,1532,'s03','3rd Session'),(1536,1532,'s04','4th Session'),(1537,1532,'s05','5th Session'),(1538,1532,'s06','6th Session'),(1539,1532,'s07','7th Session'),(1540,1072,'p13','13th Parliament'),(1541,1540,'s01','1st Session'),(1542,1540,'s02','2nd Session'),(1543,1540,'s03','3rd Session'),(1544,1540,'s04','4th Session'),(1545,1540,'s05','5th Session'),(1546,1072,'p14','14th Parliament'),(1547,1546,'s01','1st Session'),(1548,1546,'s02','2nd Session'),(1549,1546,'s03','3rd Session'),(1550,1546,'s04','4th Session'),(1551,1072,'p15','15th Parliament'),(1552,1551,'s01','1st Session'),(1553,1072,'p16','16th Parliament'),(1554,1553,'s01','1st Session'),(1555,1553,'s02','2nd Session'),(1556,1553,'s03','3rd Session'),(1557,1553,'s04','4th Session'),(1558,1072,'p17','17th Parliament'),(1559,1558,'s01','1st Session'),(1560,1558,'s02','2nd Session'),(1561,1558,'s03','3rd Session'),(1562,1558,'s04','4th Session'),(1563,1558,'s05','5th Session'),(1564,1558,'s06','6th Session'),(1565,1072,'p18','18th Parliament'),(1566,1565,'s01','1st Session'),(1567,1565,'s02','2nd Session'),(1568,1565,'s03','3rd Session'),(1569,1565,'s04','4th Session'),(1570,1565,'s05','5th Session'),(1571,1565,'s06','6th Session'),(1572,1072,'p19','19th Parliament'),(1573,1572,'s01','1st Session'),(1574,1572,'s02','2nd Session'),(1575,1572,'s03','3rd Session'),(1576,1572,'s04','4th Session'),(1577,1572,'s05','5th Session'),(1578,1572,'s06','6th Session'),(1579,1072,'p20','20th Parliament'),(1580,1579,'s01','1st Session'),(1581,1579,'s02','2nd Session'),(1582,1579,'s03','3rd Session'),(1583,1579,'s04','4th Session'),(1584,1579,'s05','5th Session'),(1585,1072,'p21','21st Parliament'),(1586,1585,'s01','1st Session'),(1587,1585,'s02','2nd Session'),(1588,1585,'s03','3rd Session'),(1589,1585,'s04','4th Session'),(1590,1585,'s05','5th Session'),(1591,1585,'s06','6th Session'),(1592,1585,'s07','7th Session'),(1593,1072,'p22','22nd Parliament'),(1594,1593,'s01','1st Session'),(1595,1593,'s02','2nd Session'),(1596,1593,'s03','3rd Session'),(1597,1593,'s04','4th Session'),(1598,1593,'s05','5th Session'),(1599,1072,'p23','23rd Parliament'),(1600,1599,'s01','1st Session'),(1601,1073,'s01','1st Session'),(1602,1073,'s02','2nd Session'),(1603,1073,'s03','3rd Session'),(1604,1073,'s04','4th Session');
/*!40000 ALTER TABLE `terms` ENABLE KEYS */;
UNLOCK TABLES;

--
-- Table structure for table `titles`
--

DROP TABLE IF EXISTS `titles`;
/*!40101 SET @saved_cs_client     = @@character_set_client */;
/*!40101 SET character_set_client = utf8 */;
CREATE TABLE `titles` (
  `id` int(11) NOT NULL AUTO_INCREMENT,
  `institution_id` int(11) NOT NULL,
  `identifier` varchar(64) NOT NULL,
  `label` text NOT NULL,
  PRIMARY KEY (`id`),
  UNIQUE KEY `institution_id` (`institution_id`,`identifier`),
  KEY `identifier` (`identifier`),
  CONSTRAINT `titles_ibfk_1` FOREIGN KEY (`institution_id`) REFERENCES `institution` (`id`) ON DELETE CASCADE ON UPDATE CASCADE
) ENGINE=InnoDB AUTO_INCREMENT=865 DEFAULT CHARSET=utf8;
/*!40101 SET character_set_client = @saved_cs_client */;

--
-- Dumping data for table `titles`
--

LOCK TABLES `titles` WRITE;
/*!40000 ALTER TABLE `titles` DISABLE KEYS */;
INSERT INTO `titles` VALUES (433,4,'debates_SOC2405','Senate Debates, 24th Parliament, 5th Session'),(434,4,'debates_CDC0101','Débats de la Chambre des communes, 1re Parliament, 1re Session'),(435,4,'debates_CDC0102','Débats de la Chambre des communes, 1re Parliament, 2e Session'),(436,4,'debates_CDC0103','Débats de la Chambre des communes, 1re Parliament, 3e Session'),(437,4,'debates_CDC0104','Débats de la Chambre des communes, 1re Parliament, 4e Session'),(438,4,'debates_CDC0105','Débats de la Chambre des communes, 1re Parliament, 5e Session'),(439,4,'debates_CDC0201','Débats de la Chambre des communes, 2e Parliament, 1re Session'),(440,4,'debates_CDC0202','Débats de la Chambre des communes, 2e Parliament, 2e Session'),(441,4,'debates_CDC0301','Débats de la Chambre des communes, 3e Parliament, 1re Session'),(442,4,'debates_CDC0302','Débats de la Chambre des communes, 3e Parliament, 2e Session'),(443,4,'debates_CDC0303','Débats de la Chambre des communes, 3e Parliament, 3e Session'),(444,4,'debates_CDC0304','Débats de la Chambre des communes, 3e Parliament, 4e Session'),(445,4,'debates_CDC0305','Débats de la Chambre des communes, 3e Parliament, 5e Session'),(446,4,'debates_CDC0401','Débats de la Chambre des communes, 4e Parliament, 1re Session'),(447,4,'debates_CDC0402','Débats de la Chambre des communes, 4e Parliament, 2e Session'),(448,4,'debates_CDC0403','Débats de la Chambre des communes, 4e Parliament, 3e Session'),(449,4,'debates_CDC0404','Débats de la Chambre des communes, 4e Parliament, 4e Session'),(450,4,'debates_CDC0501','Débats de la Chambre des communes, 5e Parliament, 1re Session'),(451,4,'debates_CDC0502','Débats de la Chambre des communes, 5e Parliament, 2e Session'),(452,4,'debates_CDC0503','Débats de la Chambre des communes, 5e Parliament, 3e Session'),(453,4,'debates_CDC0504','Débats de la Chambre des communes, 5e Parliament, 4e Session'),(454,4,'debates_CDC0601','Débats de la Chambre des communes, 6e Parliament, 1re Session'),(455,4,'debates_CDC0602','Débats de la Chambre des communes, 6e Parliament, 2e Session'),(456,4,'debates_CDC0603','Débats de la Chambre des communes, 6e Parliament, 3e Session'),(457,4,'debates_CDC0604','Débats de la Chambre des communes, 6e Parliament, 4e Session'),(458,4,'debates_CDC0701','Débats de la Chambre des communes, 7e Parliament, 1re Session'),(459,4,'debates_CDC0702','Débats de la Chambre des communes, 7e Parliament, 2e Session'),(460,4,'debates_CDC0703','Débats de la Chambre des communes, 7e Parliament, 3e Session'),(461,4,'debates_CDC0704','Débats de la Chambre des communes, 7e Parliament, 4e Session'),(462,4,'debates_CDC0705','Débats de la Chambre des communes, 7e Parliament, 5e Session'),(463,4,'debates_CDC0706','Débats de la Chambre des communes, 7e Parliament, 6e Session'),(464,4,'debates_CDC0801','Débats de la Chambre des communes, 8e Parliament, 1re Session'),(465,4,'debates_CDC0802','Débats de la Chambre des communes, 8e Parliament, 2e Session'),(466,4,'debates_CDC0803','Débats de la Chambre des communes, 8e Parliament, 3e Session'),(467,4,'debates_CDC0804','Débats de la Chambre des communes, 8e Parliament, 4e Session'),(468,4,'debates_CDC0805','Débats de la Chambre des communes, 8e Parliament, 5e Session'),(469,4,'debates_CDC0901','Débats de la Chambre des communes, 9e Parliament, 1re Session'),(470,4,'debates_CDC0902','Débats de la Chambre des communes, 9e Parliament, 2e Session'),(471,4,'debates_CDC0903','Débats de la Chambre des communes, 9e Parliament, 3e Session'),(472,4,'debates_CDC0904','Débats de la Chambre des communes, 9e Parliament, 4e Session'),(473,4,'debates_CDC1001','Débats de la Chambre des communes, 10e Parliament, 1re Session'),(474,4,'debates_CDC1002','Débats de la Chambre des communes, 10e Parliament, 2e Session'),(475,4,'debates_CDC1003','Débats de la Chambre des communes, 10e Parliament, 3e Session'),(476,4,'debates_CDC1004','Débats de la Chambre des communes, 10e Parliament, 4e Session'),(477,4,'debates_CDC1101','Débats de la Chambre des communes, 11e Parliament, 1re Session'),(478,4,'debates_CDC1102','Débats de la Chambre des communes, 11e Parliament, 2e Session'),(479,4,'debates_CDC1103','Débats de la Chambre des communes, 11e Parliament, 3e Session'),(480,4,'debates_CDC1201','Débats de la Chambre des communes, 12e Parliament, 1re Session'),(481,4,'debates_CDC1202','Débats de la Chambre des communes, 12e Parliament, 2e Session'),(482,4,'debates_CDC1203','Débats de la Chambre des communes, 12e Parliament, 3e Session'),(483,4,'debates_CDC1204','Débats de la Chambre des communes, 12e Parliament, 4e Session'),(484,4,'debates_CDC1205','Débats de la Chambre des communes, 12e Parliament, 5e Session'),(485,4,'debates_CDC1206','Débats de la Chambre des communes, 12e Parliament, 6e Session'),(486,4,'debates_CDC1207','Débats de la Chambre des communes, 12e Parliament, 7e Session'),(487,4,'debates_CDC1301','Débats de la Chambre des communes, 13e Parliament, 1re Session'),(488,4,'debates_CDC1302','Débats de la Chambre des communes, 13e Parliament, 2e Session'),(489,4,'debates_CDC1303','Débats de la Chambre des communes, 13e Parliament, 3e Session'),(490,4,'debates_CDC1304','Débats de la Chambre des communes, 13e Parliament, 4e Session'),(491,4,'debates_CDC1305','Débats de la Chambre des communes, 13e Parliament, 5e Session'),(492,4,'debates_CDC1401','Débats de la Chambre des communes, 14e Parliament, 1re Session'),(493,4,'debates_CDC1402','Débats de la Chambre des communes, 14e Parliament, 2e Session'),(494,4,'debates_CDC1403','Débats de la Chambre des communes, 14e Parliament, 3e Session'),(495,4,'debates_CDC1404','Débats de la Chambre des communes, 14e Parliament, 4e Session'),(496,4,'debates_CDC1501','Débats de la Chambre des communes, 15e Parliament, 1re Session'),(497,4,'debates_CDC1601','Débats de la Chambre des communes, 16e Parliament, 1re Session'),(498,4,'debates_CDC1602','Débats de la Chambre des communes, 16e Parliament, 2e Session'),(499,4,'debates_CDC1603','Débats de la Chambre des communes, 16e Parliament, 3e Session'),(500,4,'debates_CDC1604','Débats de la Chambre des communes, 16e Parliament, 4e Session'),(501,4,'debates_CDC1701','Débats de la Chambre des communes, 17e Parliament, 1re Session'),(502,4,'debates_CDC1702','Débats de la Chambre des communes, 17e Parliament, 2e Session'),(503,4,'debates_CDC1703','Débats de la Chambre des communes, 17e Parliament, 3e Session'),(504,4,'debates_CDC1704','Débats de la Chambre des communes, 17e Parliament, 4e Session'),(505,4,'debates_CDC1705','Débats de la Chambre des communes, 17e Parliament, 5e Session'),(506,4,'debates_CDC1706','Débats de la Chambre des communes, 17e Parliament, 6e Session'),(507,4,'debates_CDC1801','Débats de la Chambre des communes, 18e Parliament, 1re Session'),(508,4,'debates_CDC1802','Débats de la Chambre des communes, 18e Parliament, 2e Session'),(509,4,'debates_CDC1803','Débats de la Chambre des communes, 18e Parliament, 3e Session'),(510,4,'debates_CDC1804','Débats de la Chambre des communes, 18e Parliament, 4e Session'),(511,4,'debates_CDC1805','Débats de la Chambre des communes, 18e Parliament, 5e Session'),(512,4,'debates_CDC1806','Débats de la Chambre des communes, 18e Parliament, 6e Session'),(513,4,'debates_CDC1901','Débats de la Chambre des communes, 19e Parliament, 1re Session'),(514,4,'debates_CDC1902','Débats de la Chambre des communes, 19e Parliament, 2e Session'),(515,4,'debates_CDC1903','Débats de la Chambre des communes, 19e Parliament, 3e Session'),(516,4,'debates_CDC1904','Débats de la Chambre des communes, 19e Parliament, 4e Session'),(517,4,'debates_CDC1905','Débats de la Chambre des communes, 19e Parliament, 5e Session'),(518,4,'debates_CDC1906','Débats de la Chambre des communes, 19e Parliament, 6e Session'),(519,4,'debates_CDC2001','Débats de la Chambre des communes, 20e Parliament, 1re Session'),(520,4,'debates_CDC2002','Débats de la Chambre des communes, 20e Parliament, 2e Session'),(521,4,'debates_CDC2003','Débats de la Chambre des communes, 20e Parliament, 3e Session'),(522,4,'debates_CDC2004','Débats de la Chambre des communes, 20e Parliament, 4e Session'),(523,4,'debates_CDC2005','Débats de la Chambre des communes, 20e Parliament, 5e Session'),(524,4,'debates_CDC2101','Débats de la Chambre des communes, 21e Parliament, 1re Session'),(525,4,'debates_CDC2102','Débats de la Chambre des communes, 21e Parliament, 2e Session'),(526,4,'debates_CDC2103','Débats de la Chambre des communes, 21e Parliament, 3e Session'),(527,4,'debates_CDC2104','Débats de la Chambre des communes, 21e Parliament, 4e Session'),(528,4,'debates_CDC2105','Débats de la Chambre des communes, 21e Parliament, 5e Session'),(529,4,'debates_CDC2106','Débats de la Chambre des communes, 21e Parliament, 6e Session'),(530,4,'debates_CDC2107','Débats de la Chambre des communes, 21e Parliament, 7e Session'),(531,4,'debates_CDC2201','Débats de la Chambre des communes, 22e Parliament, 1re Session'),(532,4,'debates_CDC2202','Débats de la Chambre des communes, 22e Parliament, 2e Session'),(533,4,'debates_CDC2203','Débats de la Chambre des communes, 22e Parliament, 3e Session'),(534,4,'debates_CDC2204','Débats de la Chambre des communes, 22e Parliament, 4e Session'),(535,4,'debates_CDC2205','Débats de la Chambre des communes, 22e Parliament, 5e Session'),(536,4,'debates_CDC2301','Débats de la Chambre des communes, 23e Parliament, 1re Session'),(537,4,'debates_CDC2401','Débats de la Chambre des communes, 24e Parliament, 1re Session'),(538,4,'debates_CDC2402','Débats de la Chambre des communes, 24e Parliament, 2e Session'),(539,4,'debates_CDC2403','Débats de la Chambre des communes, 24e Parliament, 3e Session'),(540,4,'debates_CDC2404','Débats de la Chambre des communes, 24e Parliament, 4e Session'),(541,4,'debates_CDC2405','Débats de la Chambre des communes, 24e Parliament, 5e Session'),(542,4,'debates_HOC0101','House of Commons Debates, 1st Parliament, 1st Session'),(543,4,'debates_HOC0102','House of Commons Debates, 1st Parliament, 2nd Session'),(544,4,'debates_HOC0103','House of Commons Debates, 1st Parliament, 3rd Session'),(545,4,'debates_HOC0104','House of Commons Debates, 1st Parliament, 4th Session'),(546,4,'debates_HOC0105','House of Commons Debates, 1st Parliament, 5th Session'),(547,4,'debates_HOC0201','House of Commons Debates, 2nd Parliament, 1st Session'),(548,4,'debates_HOC0202','House of Commons Debates, 2nd Parliament, 2nd Session'),(549,4,'debates_HOC0301','House of Commons Debates, 3rd Parliament, 1st Session'),(550,4,'debates_HOC0302','House of Commons Debates, 3rd Parliament, 2nd Session'),(551,4,'debates_HOC0303','House of Commons Debates, 3rd Parliament, 3rd Session'),(552,4,'debates_HOC0304','House of Commons Debates, 3rd Parliament, 4th Session'),(553,4,'debates_HOC0305','House of Commons Debates, 3rd Parliament, 5th Session'),(554,4,'debates_HOC0401','House of Commons Debates, 4th Parliament, 1st Session'),(555,4,'debates_HOC0402','House of Commons Debates, 4th Parliament, 2nd Session'),(556,4,'debates_HOC0403','House of Commons Debates, 4th Parliament, 3rd Session'),(557,4,'debates_HOC0404','House of Commons Debates, 4th Parliament, 4th Session'),(558,4,'debates_HOC0501','House of Commons Debates, 5th Parliament, 1st Session'),(559,4,'debates_HOC0502','House of Commons Debates, 5th Parliament, 2nd Session'),(560,4,'debates_HOC0503','House of Commons Debates, 5th Parliament, 3rd Session'),(561,4,'debates_HOC0504','House of Commons Debates, 5th Parliament, 4th Session'),(562,4,'debates_HOC0601','House of Commons Debates, 6th Parliament, 1st Session'),(563,4,'debates_HOC0602','House of Commons Debates, 6th Parliament, 2nd Session'),(564,4,'debates_HOC0603','House of Commons Debates, 6th Parliament, 3rd Session'),(565,4,'debates_HOC0604','House of Commons Debates, 6th Parliament, 4th Session'),(566,4,'debates_HOC0701','House of Commons Debates, 7th Parliament, 1st Session'),(567,4,'debates_HOC0702','House of Commons Debates, 7th Parliament, 2nd Session'),(568,4,'debates_HOC0703','House of Commons Debates, 7th Parliament, 3rd Session'),(569,4,'debates_HOC0704','House of Commons Debates, 7th Parliament, 4th Session'),(570,4,'debates_HOC0705','House of Commons Debates, 7th Parliament, 5th Session'),(571,4,'debates_HOC0706','House of Commons Debates, 7th Parliament, 6th Session'),(572,4,'debates_HOC0801','House of Commons Debates, 8th Parliament, 1st Session'),(573,4,'debates_HOC0802','House of Commons Debates, 8th Parliament, 2nd Session'),(574,4,'debates_HOC0803','House of Commons Debates, 8th Parliament, 3rd Session'),(575,4,'debates_HOC0804','House of Commons Debates, 8th Parliament, 4th Session'),(576,4,'debates_HOC0805','House of Commons Debates, 8th Parliament, 5th Session'),(577,4,'debates_HOC0901','House of Commons Debates, 9th Parliament, 1st Session'),(578,4,'debates_HOC0902','House of Commons Debates, 9th Parliament, 2nd Session'),(579,4,'debates_HOC0903','House of Commons Debates, 9th Parliament, 3rd Session'),(580,4,'debates_HOC0904','House of Commons Debates, 9th Parliament, 4th Session'),(581,4,'debates_HOC1001','House of Commons Debates, 10th Parliament, 1st Session'),(582,4,'debates_HOC1002','House of Commons Debates, 10th Parliament, 2nd Session'),(583,4,'debates_HOC1003','House of Commons Debates, 10th Parliament, 3rd Session'),(584,4,'debates_HOC1004','House of Commons Debates, 10th Parliament, 4th Session'),(585,4,'debates_HOC1101','House of Commons Debates, 11th Parliament, 1st Session'),(586,4,'debates_HOC1102','House of Commons Debates, 11th Parliament, 2nd Session'),(587,4,'debates_HOC1103','House of Commons Debates, 11th Parliament, 3rd Session'),(588,4,'debates_HOC1201','House of Commons Debates, 12th Parliament, 1st Session'),(589,4,'debates_HOC1202','House of Commons Debates, 12th Parliament, 2nd Session'),(590,4,'debates_HOC1203','House of Commons Debates, 12th Parliament, 3rd Session'),(591,4,'debates_HOC1204','House of Commons Debates, 12th Parliament, 4th Session'),(592,4,'debates_HOC1205','House of Commons Debates, 12th Parliament, 5th Session'),(593,4,'debates_HOC1206','House of Commons Debates, 12th Parliament, 6th Session'),(594,4,'debates_HOC1207','House of Commons Debates, 12th Parliament, 7th Session'),(595,4,'debates_HOC1301','House of Commons Debates, 13th Parliament, 1st Session'),(596,4,'debates_HOC1302','House of Commons Debates, 13th Parliament, 2nd Session'),(597,4,'debates_HOC1303','House of Commons Debates, 13th Parliament, 3rd Session'),(598,4,'debates_HOC1304','House of Commons Debates, 13th Parliament, 4th Session'),(599,4,'debates_HOC1305','House of Commons Debates, 13th Parliament, 5th Session'),(600,4,'debates_HOC1401','House of Commons Debates, 14th Parliament, 1st Session'),(601,4,'debates_HOC1402','House of Commons Debates, 14th Parliament, 2nd Session'),(602,4,'debates_HOC1403','House of Commons Debates, 14th Parliament, 3rd Session'),(603,4,'debates_HOC1404','House of Commons Debates, 14th Parliament, 4th Session'),(604,4,'debates_HOC1501','House of Commons Debates, 15th Parliament, 1st Session'),(605,4,'debates_HOC1601','House of Commons Debates, 16th Parliament, 1st Session'),(606,4,'debates_HOC1602','House of Commons Debates, 16th Parliament, 2nd Session'),(607,4,'debates_HOC1603','House of Commons Debates, 16th Parliament, 3rd Session'),(608,4,'debates_HOC1604','House of Commons Debates, 16th Parliament, 4th Session'),(609,4,'debates_HOC1701','House of Commons Debates, 17th Parliament, 1st Session'),(610,4,'debates_HOC1702','House of Commons Debates, 17th Parliament, 2nd Session'),(611,4,'debates_HOC1703','House of Commons Debates, 17th Parliament, 3rd Session'),(612,4,'debates_HOC1704','House of Commons Debates, 17th Parliament, 4th Session'),(613,4,'debates_HOC1705','House of Commons Debates, 17th Parliament, 5th Session'),(614,4,'debates_HOC1706','House of Commons Debates, 17th Parliament, 6th Session'),(615,4,'debates_HOC1801','House of Commons Debates, 18th Parliament, 1st Session'),(616,4,'debates_HOC1802','House of Commons Debates, 18th Parliament, 2nd Session'),(617,4,'debates_HOC1803','House of Commons Debates, 18th Parliament, 3rd Session'),(618,4,'debates_HOC1804','House of Commons Debates, 18th Parliament, 4th Session'),(619,4,'debates_HOC1805','House of Commons Debates, 18th Parliament, 5th Session'),(620,4,'debates_HOC1806','House of Commons Debates, 18th Parliament, 6th Session'),(621,4,'debates_HOC1901','House of Commons Debates, 19th Parliament, 1st Session'),(622,4,'debates_HOC1902','House of Commons Debates, 19th Parliament, 2nd Session'),(623,4,'debates_HOC1903','House of Commons Debates, 19th Parliament, 3rd Session'),(624,4,'debates_HOC1904','House of Commons Debates, 19th Parliament, 4th Session'),(625,4,'debates_HOC1905','House of Commons Debates, 19th Parliament, 5th Session'),(626,4,'debates_HOC1906','House of Commons Debates, 19th Parliament, 6th Session'),(627,4,'debates_HOC2001','House of Commons Debates, 20th Parliament, 1st Session'),(628,4,'debates_HOC2002','House of Commons Debates, 20th Parliament, 2nd Session'),(629,4,'debates_HOC2003','House of Commons Debates, 20th Parliament, 3rd Session'),(630,4,'debates_HOC2004','House of Commons Debates, 20th Parliament, 4th Session'),(631,4,'debates_HOC2005','House of Commons Debates, 20th Parliament, 5th Session'),(632,4,'debates_HOC2101','House of Commons Debates, 21st Parliament, 1st Session'),(633,4,'debates_HOC2102','House of Commons Debates, 21st Parliament, 2nd Session'),(634,4,'debates_HOC2103','House of Commons Debates, 21st Parliament, 3rd Session'),(635,4,'debates_HOC2104','House of Commons Debates, 21st Parliament, 4th Session'),(636,4,'debates_HOC2105','House of Commons Debates, 21st Parliament, 5th Session'),(637,4,'debates_HOC2106','House of Commons Debates, 21st Parliament, 6th Session'),(638,4,'debates_HOC2107','House of Commons Debates, 21st Parliament, 7th Session'),(639,4,'debates_HOC2201','House of Commons Debates, 22nd Parliament, 1st Session'),(640,4,'debates_HOC2202','House of Commons Debates, 22nd Parliament, 2nd Session'),(641,4,'debates_HOC2203','House of Commons Debates, 22nd Parliament, 3rd Session'),(642,4,'debates_HOC2204','House of Commons Debates, 22nd Parliament, 4th Session'),(643,4,'debates_HOC2205','House of Commons Debates, 22nd Parliament, 5th Session'),(644,4,'debates_HOC2301','House of Commons Debates, 23rd Parliament, 1st Session'),(645,4,'debates_HOC2401','House of Commons Debates, 24th Parliament, 1st Session'),(646,4,'debates_HOC2402','House of Commons Debates, 24th Parliament, 2nd Session'),(647,4,'debates_HOC2403','House of Commons Debates, 24th Parliament, 3rd Session'),(648,4,'debates_HOC2404','House of Commons Debates, 24th Parliament, 4th Session'),(649,4,'debates_HOC2405','House of Commons Debates, 24th Parliament, 5th Session'),(650,4,'debates_SDC0101','Débats du Sénat, 1re Parliament, 1re Session'),(651,4,'debates_SDC0102','Débats du Sénat, 1re Parliament, 2e Session'),(652,4,'debates_SDC0103','Débats du Sénat, 1re Parliament, 3e Session'),(653,4,'debates_SDC0104','Débats du Sénat, 1re Parliament, 4e Session'),(654,4,'debates_SDC0105','Débats du Sénat, 1re Parliament, 5e Session'),(655,4,'debates_SDC0201','Débats du Sénat, 2e Parliament, 1re Session'),(656,4,'debates_SDC0202','Débats du Sénat, 2e Parliament, 2e Session'),(657,4,'debates_SDC0301','Débats du Sénat, 3e Parliament, 1re Session'),(658,4,'debates_SDC0302','Débats du Sénat, 3e Parliament, 2e Session'),(659,4,'debates_SDC0303','Débats du Sénat, 3e Parliament, 3e Session'),(660,4,'debates_SDC0304','Débats du Sénat, 3e Parliament, 4e Session'),(661,4,'debates_SDC0305','Débats du Sénat, 3e Parliament, 5e Session'),(662,4,'debates_SDC0401','Débats du Sénat, 4e Parliament, 1re Session'),(663,4,'debates_SDC0402','Débats du Sénat, 4e Parliament, 2e Session'),(664,4,'debates_SDC0403','Débats du Sénat, 4e Parliament, 3e Session'),(665,4,'debates_SDC0404','Débats du Sénat, 4e Parliament, 4e Session'),(666,4,'debates_SDC0501','Débats du Sénat, 5e Parliament, 1re Session'),(667,4,'debates_SDC0502','Débats du Sénat, 5e Parliament, 2e Session'),(668,4,'debates_SDC0503','Débats du Sénat, 5e Parliament, 3e Session'),(669,4,'debates_SDC0504','Débats du Sénat, 5e Parliament, 4e Session'),(670,4,'debates_SDC0601','Débats du Sénat, 6e Parliament, 1re Session'),(671,4,'debates_SDC0602','Débats du Sénat, 6e Parliament, 2e Session'),(672,4,'debates_SDC0603','Débats du Sénat, 6e Parliament, 3e Session'),(673,4,'debates_SDC0604','Débats du Sénat, 6e Parliament, 4e Session'),(674,4,'debates_SDC0701','Débats du Sénat, 7e Parliament, 1re Session'),(675,4,'debates_SDC0702','Débats du Sénat, 7e Parliament, 2e Session'),(676,4,'debates_SDC0703','Débats du Sénat, 7e Parliament, 3e Session'),(677,4,'debates_SDC0704','Débats du Sénat, 7e Parliament, 4e Session'),(678,4,'debates_SDC0705','Débats du Sénat, 7e Parliament, 5e Session'),(679,4,'debates_SDC0706','Débats du Sénat, 7e Parliament, 6e Session'),(680,4,'debates_SDC0801','Débats du Sénat, 8e Parliament, 1re Session'),(681,4,'debates_SDC0802','Débats du Sénat, 8e Parliament, 2e Session'),(682,4,'debates_SDC0803','Débats du Sénat, 8e Parliament, 3e Session'),(683,4,'debates_SDC0804','Débats du Sénat, 8e Parliament, 4e Session'),(684,4,'debates_SDC0805','Débats du Sénat, 8e Parliament, 5e Session'),(685,4,'debates_SDC0901','Débats du Sénat, 9e Parliament, 1re Session'),(686,4,'debates_SDC0902','Débats du Sénat, 9e Parliament, 2e Session'),(687,4,'debates_SDC0903','Débats du Sénat, 9e Parliament, 3e Session'),(688,4,'debates_SDC0904','Débats du Sénat, 9e Parliament, 4e Session'),(689,4,'debates_SDC1001','Débats du Sénat, 10e Parliament, 1re Session'),(690,4,'debates_SDC1002','Débats du Sénat, 10e Parliament, 2e Session'),(691,4,'debates_SDC1003','Débats du Sénat, 10e Parliament, 3e Session'),(692,4,'debates_SDC1004','Débats du Sénat, 10e Parliament, 4e Session'),(693,4,'debates_SDC1101','Débats du Sénat, 11e Parliament, 1re Session'),(694,4,'debates_SDC1102','Débats du Sénat, 11e Parliament, 2e Session'),(695,4,'debates_SDC1103','Débats du Sénat, 11e Parliament, 3e Session'),(696,4,'debates_SDC1201','Débats du Sénat, 12e Parliament, 1re Session'),(697,4,'debates_SDC1202','Débats du Sénat, 12e Parliament, 2e Session'),(698,4,'debates_SDC1203','Débats du Sénat, 12e Parliament, 3e Session'),(699,4,'debates_SDC1204','Débats du Sénat, 12e Parliament, 4e Session'),(700,4,'debates_SDC1205','Débats du Sénat, 12e Parliament, 5e Session'),(701,4,'debates_SDC1206','Débats du Sénat, 12e Parliament, 6e Session'),(702,4,'debates_SDC1207','Débats du Sénat, 12e Parliament, 7e Session'),(703,4,'debates_SDC1301','Débats du Sénat, 13e Parliament, 1re Session'),(704,4,'debates_SDC1302','Débats du Sénat, 13e Parliament, 2e Session'),(705,4,'debates_SDC1303','Débats du Sénat, 13e Parliament, 3e Session'),(706,4,'debates_SDC1304','Débats du Sénat, 13e Parliament, 4e Session'),(707,4,'debates_SDC1305','Débats du Sénat, 13e Parliament, 5e Session'),(708,4,'debates_SDC1401','Débats du Sénat, 14e Parliament, 1re Session'),(709,4,'debates_SDC1402','Débats du Sénat, 14e Parliament, 2e Session'),(710,4,'debates_SDC1403','Débats du Sénat, 14e Parliament, 3e Session'),(711,4,'debates_SDC1404','Débats du Sénat, 14e Parliament, 4e Session'),(712,4,'debates_SDC1501','Débats du Sénat, 15e Parliament, 1re Session'),(713,4,'debates_SDC1601','Débats du Sénat, 16e Parliament, 1re Session'),(714,4,'debates_SDC1602','Débats du Sénat, 16e Parliament, 2e Session'),(715,4,'debates_SDC1603','Débats du Sénat, 16e Parliament, 3e Session'),(716,4,'debates_SDC1604','Débats du Sénat, 16e Parliament, 4e Session'),(717,4,'debates_SDC1701','Débats du Sénat, 17e Parliament, 1re Session'),(718,4,'debates_SDC1702','Débats du Sénat, 17e Parliament, 2e Session'),(719,4,'debates_SDC1703','Débats du Sénat, 17e Parliament, 3e Session'),(720,4,'debates_SDC1704','Débats du Sénat, 17e Parliament, 4e Session'),(721,4,'debates_SDC1705','Débats du Sénat, 17e Parliament, 5e Session'),(722,4,'debates_SDC1706','Débats du Sénat, 17e Parliament, 6e Session'),(723,4,'debates_SDC1801','Débats du Sénat, 18e Parliament, 1re Session'),(724,4,'debates_SDC1802','Débats du Sénat, 18e Parliament, 2e Session'),(725,4,'debates_SDC1803','Débats du Sénat, 18e Parliament, 3e Session'),(726,4,'debates_SDC1804','Débats du Sénat, 18e Parliament, 4e Session'),(727,4,'debates_SDC1805','Débats du Sénat, 18e Parliament, 5e Session'),(728,4,'debates_SDC1806','Débats du Sénat, 18e Parliament, 6e Session'),(729,4,'debates_SDC1901','Débats du Sénat, 19e Parliament, 1re Session'),(730,4,'debates_SDC1902','Débats du Sénat, 19e Parliament, 2e Session'),(731,4,'debates_SDC1903','Débats du Sénat, 19e Parliament, 3e Session'),(732,4,'debates_SDC1904','Débats du Sénat, 19e Parliament, 4e Session'),(733,4,'debates_SDC1905','Débats du Sénat, 19e Parliament, 5e Session'),(734,4,'debates_SDC1906','Débats du Sénat, 19e Parliament, 6e Session'),(735,4,'debates_SDC2001','Débats du Sénat, 20e Parliament, 1re Session'),(736,4,'debates_SDC2002','Débats du Sénat, 20e Parliament, 2e Session'),(737,4,'debates_SDC2003','Débats du Sénat, 20e Parliament, 3e Session'),(738,4,'debates_SDC2004','Débats du Sénat, 20e Parliament, 4e Session'),(739,4,'debates_SDC2005','Débats du Sénat, 20e Parliament, 5e Session'),(740,4,'debates_SDC2101','Débats du Sénat, 21e Parliament, 1re Session'),(741,4,'debates_SDC2102','Débats du Sénat, 21e Parliament, 2e Session'),(742,4,'debates_SDC2103','Débats du Sénat, 21e Parliament, 3e Session'),(743,4,'debates_SDC2104','Débats du Sénat, 21e Parliament, 4e Session'),(744,4,'debates_SDC2105','Débats du Sénat, 21e Parliament, 5e Session'),(745,4,'debates_SDC2106','Débats du Sénat, 21e Parliament, 6e Session'),(746,4,'debates_SDC2107','Débats du Sénat, 21e Parliament, 7e Session'),(747,4,'debates_SDC2201','Débats du Sénat, 22e Parliament, 1re Session'),(748,4,'debates_SDC2202','Débats du Sénat, 22e Parliament, 2e Session'),(749,4,'debates_SDC2203','Débats du Sénat, 22e Parliament, 3e Session'),(750,4,'debates_SDC2204','Débats du Sénat, 22e Parliament, 4e Session'),(751,4,'debates_SDC2205','Débats du Sénat, 22e Parliament, 5e Session'),(752,4,'debates_SDC2301','Débats du Sénat, 23e Parliament, 1re Session'),(753,4,'debates_SDC2401','Débats du Sénat, 24e Parliament, 1re Session'),(754,4,'debates_SDC2402','Débats du Sénat, 24e Parliament, 2e Session'),(755,4,'debates_SDC2403','Débats du Sénat, 24e Parliament, 3e Session'),(756,4,'debates_SDC2404','Débats du Sénat, 24e Parliament, 4e Session'),(757,4,'debates_SDC2405','Débats du Sénat, 24e Parliament, 5e Session'),(758,4,'debates_SOC0101','Senate Debates, 1st Parliament, 1st Session'),(759,4,'debates_SOC0102','Senate Debates, 1st Parliament, 2nd Session'),(760,4,'debates_SOC0103','Senate Debates, 1st Parliament, 3rd Session'),(761,4,'debates_SOC0104','Senate Debates, 1st Parliament, 4th Session'),(762,4,'debates_SOC0105','Senate Debates, 1st Parliament, 5th Session'),(763,4,'debates_SOC0201','Senate Debates, 2nd Parliament, 1st Session'),(764,4,'debates_SOC0202','Senate Debates, 2nd Parliament, 2nd Session'),(765,4,'debates_SOC0301','Senate Debates, 3rd Parliament, 1st Session'),(766,4,'debates_SOC0302','Senate Debates, 3rd Parliament, 2nd Session'),(767,4,'debates_SOC0303','Senate Debates, 3rd Parliament, 3rd Session'),(768,4,'debates_SOC0304','Senate Debates, 3rd Parliament, 4th Session'),(769,4,'debates_SOC0305','Senate Debates, 3rd Parliament, 5th Session'),(770,4,'debates_SOC0401','Senate Debates, 4th Parliament, 1st Session'),(771,4,'debates_SOC0402','Senate Debates, 4th Parliament, 2nd Session'),(772,4,'debates_SOC0403','Senate Debates, 4th Parliament, 3rd Session'),(773,4,'debates_SOC0404','Senate Debates, 4th Parliament, 4th Session'),(774,4,'debates_SOC0501','Senate Debates, 5th Parliament, 1st Session'),(775,4,'debates_SOC0502','Senate Debates, 5th Parliament, 2nd Session'),(776,4,'debates_SOC0503','Senate Debates, 5th Parliament, 3rd Session'),(777,4,'debates_SOC0504','Senate Debates, 5th Parliament, 4th Session'),(778,4,'debates_SOC0601','Senate Debates, 6th Parliament, 1st Session'),(779,4,'debates_SOC0602','Senate Debates, 6th Parliament, 2nd Session'),(780,4,'debates_SOC0603','Senate Debates, 6th Parliament, 3rd Session'),(781,4,'debates_SOC0604','Senate Debates, 6th Parliament, 4th Session'),(782,4,'debates_SOC0701','Senate Debates, 7th Parliament, 1st Session'),(783,4,'debates_SOC0702','Senate Debates, 7th Parliament, 2nd Session'),(784,4,'debates_SOC0703','Senate Debates, 7th Parliament, 3rd Session'),(785,4,'debates_SOC0704','Senate Debates, 7th Parliament, 4th Session'),(786,4,'debates_SOC0705','Senate Debates, 7th Parliament, 5th Session'),(787,4,'debates_SOC0706','Senate Debates, 7th Parliament, 6th Session'),(788,4,'debates_SOC0801','Senate Debates, 8th Parliament, 1st Session'),(789,4,'debates_SOC0802','Senate Debates, 8th Parliament, 2nd Session'),(790,4,'debates_SOC0803','Senate Debates, 8th Parliament, 3rd Session'),(791,4,'debates_SOC0804','Senate Debates, 8th Parliament, 4th Session'),(792,4,'debates_SOC0805','Senate Debates, 8th Parliament, 5th Session'),(793,4,'debates_SOC0901','Senate Debates, 9th Parliament, 1st Session'),(794,4,'debates_SOC0902','Senate Debates, 9th Parliament, 2nd Session'),(795,4,'debates_SOC0903','Senate Debates, 9th Parliament, 3rd Session'),(796,4,'debates_SOC0904','Senate Debates, 9th Parliament, 4th Session'),(797,4,'debates_SOC1001','Senate Debates, 10th Parliament, 1st Session'),(798,4,'debates_SOC1002','Senate Debates, 10th Parliament, 2nd Session'),(799,4,'debates_SOC1003','Senate Debates, 10th Parliament, 3rd Session'),(800,4,'debates_SOC1004','Senate Debates, 10th Parliament, 4th Session'),(801,4,'debates_SOC1101','Senate Debates, 11th Parliament, 1st Session'),(802,4,'debates_SOC1102','Senate Debates, 11th Parliament, 2nd Session'),(803,4,'debates_SOC1103','Senate Debates, 11th Parliament, 3rd Session'),(804,4,'debates_SOC1201','Senate Debates, 12th Parliament, 1st Session'),(805,4,'debates_SOC1202','Senate Debates, 12th Parliament, 2nd Session'),(806,4,'debates_SOC1203','Senate Debates, 12th Parliament, 3rd Session'),(807,4,'debates_SOC1204','Senate Debates, 12th Parliament, 4th Session'),(808,4,'debates_SOC1205','Senate Debates, 12th Parliament, 5th Session'),(809,4,'debates_SOC1206','Senate Debates, 12th Parliament, 6th Session'),(810,4,'debates_SOC1207','Senate Debates, 12th Parliament, 7th Session'),(811,4,'debates_SOC1301','Senate Debates, 13th Parliament, 1st Session'),(812,4,'debates_SOC1302','Senate Debates, 13th Parliament, 2nd Session'),(813,4,'debates_SOC1303','Senate Debates, 13th Parliament, 3rd Session'),(814,4,'debates_SOC1304','Senate Debates, 13th Parliament, 4th Session'),(815,4,'debates_SOC1305','Senate Debates, 13th Parliament, 5th Session'),(816,4,'debates_SOC1401','Senate Debates, 14th Parliament, 1st Session'),(817,4,'debates_SOC1402','Senate Debates, 14th Parliament, 2nd Session'),(818,4,'debates_SOC1403','Senate Debates, 14th Parliament, 3rd Session'),(819,4,'debates_SOC1404','Senate Debates, 14th Parliament, 4th Session'),(820,4,'debates_SOC1501','Senate Debates, 15th Parliament, 1st Session'),(821,4,'debates_SOC1601','Senate Debates, 16th Parliament, 1st Session'),(822,4,'debates_SOC1602','Senate Debates, 16th Parliament, 2nd Session'),(823,4,'debates_SOC1603','Senate Debates, 16th Parliament, 3rd Session'),(824,4,'debates_SOC1604','Senate Debates, 16th Parliament, 4th Session'),(825,4,'debates_SOC1701','Senate Debates, 17th Parliament, 1st Session'),(826,4,'debates_SOC1702','Senate Debates, 17th Parliament, 2nd Session'),(827,4,'debates_SOC1703','Senate Debates, 17th Parliament, 3rd Session'),(828,4,'debates_SOC1704','Senate Debates, 17th Parliament, 4th Session'),(829,4,'debates_SOC1705','Senate Debates, 17th Parliament, 5th Session'),(830,4,'debates_SOC1706','Senate Debates, 17th Parliament, 6th Session'),(831,4,'debates_SOC1801','Senate Debates, 18th Parliament, 1st Session'),(832,4,'debates_SOC1802','Senate Debates, 18th Parliament, 2nd Session'),(833,4,'debates_SOC1803','Senate Debates, 18th Parliament, 3rd Session'),(834,4,'debates_SOC1804','Senate Debates, 18th Parliament, 4th Session'),(835,4,'debates_SOC1805','Senate Debates, 18th Parliament, 5th Session'),(836,4,'debates_SOC1806','Senate Debates, 18th Parliament, 6th Session'),(837,4,'debates_SOC1901','Senate Debates, 19th Parliament, 1st Session'),(838,4,'debates_SOC1902','Senate Debates, 19th Parliament, 2nd Session'),(839,4,'debates_SOC1903','Senate Debates, 19th Parliament, 3rd Session'),(840,4,'debates_SOC1904','Senate Debates, 19th Parliament, 4th Session'),(841,4,'debates_SOC1905','Senate Debates, 19th Parliament, 5th Session'),(842,4,'debates_SOC1906','Senate Debates, 19th Parliament, 6th Session'),(843,4,'debates_SOC2001','Senate Debates, 20th Parliament, 1st Session'),(844,4,'debates_SOC2002','Senate Debates, 20th Parliament, 2nd Session'),(845,4,'debates_SOC2003','Senate Debates, 20th Parliament, 3rd Session'),(846,4,'debates_SOC2004','Senate Debates, 20th Parliament, 4th Session'),(847,4,'debates_SOC2005','Senate Debates, 20th Parliament, 5th Session'),(848,4,'debates_SOC2101','Senate Debates, 21st Parliament, 1st Session'),(849,4,'debates_SOC2102','Senate Debates, 21st Parliament, 2nd Session'),(850,4,'debates_SOC2103','Senate Debates, 21st Parliament, 3rd Session'),(851,4,'debates_SOC2104','Senate Debates, 21st Parliament, 4th Session'),(852,4,'debates_SOC2105','Senate Debates, 21st Parliament, 5th Session'),(853,4,'debates_SOC2106','Senate Debates, 21st Parliament, 6th Session'),(854,4,'debates_SOC2107','Senate Debates, 21st Parliament, 7th Session'),(855,4,'debates_SOC2201','Senate Debates, 22nd Parliament, 1st Session'),(856,4,'debates_SOC2202','Senate Debates, 22nd Parliament, 2nd Session'),(857,4,'debates_SOC2203','Senate Debates, 22nd Parliament, 3rd Session'),(858,4,'debates_SOC2204','Senate Debates, 22nd Parliament, 4th Session'),(859,4,'debates_SOC2205','Senate Debates, 22nd Parliament, 5th Session'),(860,4,'debates_SOC2301','Senate Debates, 23rd Parliament, 1st Session'),(861,4,'debates_SOC2401','Senate Debates, 24th Parliament, 1st Session'),(862,4,'debates_SOC2402','Senate Debates, 24th Parliament, 2nd Session'),(863,4,'debates_SOC2403','Senate Debates, 24th Parliament, 3rd Session'),(864,4,'debates_SOC2404','Senate Debates, 24th Parliament, 4th Session');
/*!40000 ALTER TABLE `titles` ENABLE KEYS */;
UNLOCK TABLES;

--
-- Table structure for table `titles_terms`
--

DROP TABLE IF EXISTS `titles_terms`;
/*!40101 SET @saved_cs_client     = @@character_set_client */;
/*!40101 SET character_set_client = utf8 */;
CREATE TABLE `titles_terms` (
  `title_id` int(11) NOT NULL DEFAULT '0',
  `term_id` int(11) NOT NULL DEFAULT '0',
  PRIMARY KEY (`title_id`,`term_id`),
  KEY `term_id` (`term_id`),
  CONSTRAINT `titles_terms_ibfk_1` FOREIGN KEY (`title_id`) REFERENCES `titles` (`id`) ON DELETE CASCADE ON UPDATE CASCADE,
  CONSTRAINT `titles_terms_ibfk_2` FOREIGN KEY (`term_id`) REFERENCES `terms` (`id`) ON DELETE CASCADE ON UPDATE CASCADE
) ENGINE=InnoDB DEFAULT CHARSET=utf8;
/*!40101 SET character_set_client = @saved_cs_client */;

--
-- Dumping data for table `titles_terms`
--

LOCK TABLES `titles_terms` WRITE;
/*!40000 ALTER TABLE `titles_terms` DISABLE KEYS */;
INSERT INTO `titles_terms` VALUES (433,1071),(542,1071),(543,1071),(544,1071),(545,1071),(546,1071),(547,1071),(548,1071),(549,1071),(550,1071),(551,1071),(552,1071),(553,1071),(554,1071),(555,1071),(556,1071),(557,1071),(558,1071),(559,1071),(560,1071),(561,1071),(562,1071),(563,1071),(564,1071),(565,1071),(566,1071),(567,1071),(568,1071),(569,1071),(570,1071),(571,1071),(572,1071),(573,1071),(574,1071),(575,1071),(576,1071),(577,1071),(578,1071),(579,1071),(580,1071),(581,1071),(582,1071),(583,1071),(584,1071),(585,1071),(586,1071),(587,1071),(588,1071),(589,1071),(590,1071),(591,1071),(592,1071),(593,1071),(594,1071),(595,1071),(596,1071),(597,1071),(598,1071),(599,1071),(600,1071),(601,1071),(602,1071),(603,1071),(604,1071),(605,1071),(606,1071),(607,1071),(608,1071),(609,1071),(610,1071),(611,1071),(612,1071),(613,1071),(614,1071),(615,1071),(616,1071),(617,1071),(618,1071),(619,1071),(620,1071),(621,1071),(622,1071),(623,1071),(624,1071),(625,1071),(626,1071),(627,1071),(628,1071),(629,1071),(630,1071),(631,1071),(632,1071),(633,1071),(634,1071),(635,1071),(636,1071),(637,1071),(638,1071),(639,1071),(640,1071),(641,1071),(642,1071),(643,1071),(644,1071),(645,1071),(646,1071),(647,1071),(648,1071),(649,1071),(758,1071),(759,1071),(760,1071),(761,1071),(762,1071),(763,1071),(764,1071),(765,1071),(766,1071),(767,1071),(768,1071),(769,1071),(770,1071),(771,1071),(772,1071),(773,1071),(774,1071),(775,1071),(776,1071),(777,1071),(778,1071),(779,1071),(780,1071),(781,1071),(782,1071),(783,1071),(784,1071),(785,1071),(786,1071),(787,1071),(788,1071),(789,1071),(790,1071),(791,1071),(792,1071),(793,1071),(794,1071),(795,1071),(796,1071),(797,1071),(798,1071),(799,1071),(800,1071),(801,1071),(802,1071),(803,1071),(804,1071),(805,1071),(806,1071),(807,1071),(808,1071),(809,1071),(810,1071),(811,1071),(812,1071),(813,1071),(814,1071),(815,1071),(816,1071),(817,1071),(818,1071),(819,1071),(820,1071),(821,1071),(822,1071),(823,1071),(824,1071),(825,1071),(826,1071),(827,1071),(828,1071),(829,1071),(830,1071),(831,1071),(832,1071),(833,1071),(834,1071),(835,1071),(836,1071),(837,1071),(838,1071),(839,1071),(840,1071),(841,1071),(842,1071),(843,1071),(844,1071),(845,1071),(846,1071),(847,1071),(848,1071),(849,1071),(850,1071),(851,1071),(852,1071),(853,1071),(854,1071),(855,1071),(856,1071),(857,1071),(858,1071),(859,1071),(860,1071),(861,1071),(862,1071),(863,1071),(864,1071),(433,1072),(758,1072),(759,1072),(760,1072),(761,1072),(762,1072),(763,1072),(764,1072),(765,1072),(766,1072),(767,1072),(768,1072),(769,1072),(770,1072),(771,1072),(772,1072),(773,1072),(774,1072),(775,1072),(776,1072),(777,1072),(778,1072),(779,1072),(780,1072),(781,1072),(782,1072),(783,1072),(784,1072),(785,1072),(786,1072),(787,1072),(788,1072),(789,1072),(790,1072),(791,1072),(792,1072),(793,1072),(794,1072),(795,1072),(796,1072),(797,1072),(798,1072),(799,1072),(800,1072),(801,1072),(802,1072),(803,1072),(804,1072),(805,1072),(806,1072),(807,1072),(808,1072),(809,1072),(810,1072),(811,1072),(812,1072),(813,1072),(814,1072),(815,1072),(816,1072),(817,1072),(818,1072),(819,1072),(820,1072),(821,1072),(822,1072),(823,1072),(824,1072),(825,1072),(826,1072),(827,1072),(828,1072),(829,1072),(830,1072),(831,1072),(832,1072),(833,1072),(834,1072),(835,1072),(836,1072),(837,1072),(838,1072),(839,1072),(840,1072),(841,1072),(842,1072),(843,1072),(844,1072),(845,1072),(846,1072),(847,1072),(848,1072),(849,1072),(850,1072),(851,1072),(852,1072),(853,1072),(854,1072),(855,1072),(856,1072),(857,1072),(858,1072),(859,1072),(860,1072),(861,1072),(862,1072),(863,1072),(864,1072),(433,1073),(861,1073),(862,1073),(863,1073),(864,1073),(433,1074),(434,1075),(435,1075),(436,1075),(437,1075),(438,1075),(439,1075),(440,1075),(441,1075),(442,1075),(443,1075),(444,1075),(445,1075),(446,1075),(447,1075),(448,1075),(449,1075),(450,1075),(451,1075),(452,1075),(453,1075),(454,1075),(455,1075),(456,1075),(457,1075),(458,1075),(459,1075),(460,1075),(461,1075),(462,1075),(463,1075),(464,1075),(465,1075),(466,1075),(467,1075),(468,1075),(469,1075),(470,1075),(471,1075),(472,1075),(473,1075),(474,1075),(475,1075),(476,1075),(477,1075),(478,1075),(479,1075),(480,1075),(481,1075),(482,1075),(483,1075),(484,1075),(485,1075),(486,1075),(487,1075),(488,1075),(489,1075),(490,1075),(491,1075),(492,1075),(493,1075),(494,1075),(495,1075),(496,1075),(497,1075),(498,1075),(499,1075),(500,1075),(501,1075),(502,1075),(503,1075),(504,1075),(505,1075),(506,1075),(507,1075),(508,1075),(509,1075),(510,1075),(511,1075),(512,1075),(513,1075),(514,1075),(515,1075),(516,1075),(517,1075),(518,1075),(519,1075),(520,1075),(521,1075),(522,1075),(523,1075),(524,1075),(525,1075),(526,1075),(527,1075),(528,1075),(529,1075),(530,1075),(531,1075),(532,1075),(533,1075),(534,1075),(535,1075),(536,1075),(537,1075),(538,1075),(539,1075),(540,1075),(541,1075),(650,1075),(651,1075),(652,1075),(653,1075),(654,1075),(655,1075),(656,1075),(657,1075),(658,1075),(659,1075),(660,1075),(661,1075),(662,1075),(663,1075),(664,1075),(665,1075),(666,1075),(667,1075),(668,1075),(669,1075),(670,1075),(671,1075),(672,1075),(673,1075),(674,1075),(675,1075),(676,1075),(677,1075),(678,1075),(679,1075),(680,1075),(681,1075),(682,1075),(683,1075),(684,1075),(685,1075),(686,1075),(687,1075),(688,1075),(689,1075),(690,1075),(691,1075),(692,1075),(693,1075),(694,1075),(695,1075),(696,1075),(697,1075),(698,1075),(699,1075),(700,1075),(701,1075),(702,1075),(703,1075),(704,1075),(705,1075),(706,1075),(707,1075),(708,1075),(709,1075),(710,1075),(711,1075),(712,1075),(713,1075),(714,1075),(715,1075),(716,1075),(717,1075),(718,1075),(719,1075),(720,1075),(721,1075),(722,1075),(723,1075),(724,1075),(725,1075),(726,1075),(727,1075),(728,1075),(729,1075),(730,1075),(731,1075),(732,1075),(733,1075),(734,1075),(735,1075),(736,1075),(737,1075),(738,1075),(739,1075),(740,1075),(741,1075),(742,1075),(743,1075),(744,1075),(745,1075),(746,1075),(747,1075),(748,1075),(749,1075),(750,1075),(751,1075),(752,1075),(753,1075),(754,1075),(755,1075),(756,1075),(757,1075),(434,1076),(435,1076),(436,1076),(437,1076),(438,1076),(439,1076),(440,1076),(441,1076),(442,1076),(443,1076),(444,1076),(445,1076),(446,1076),(447,1076),(448,1076),(449,1076),(450,1076),(451,1076),(452,1076),(453,1076),(454,1076),(455,1076),(456,1076),(457,1076),(458,1076),(459,1076),(460,1076),(461,1076),(462,1076),(463,1076),(464,1076),(465,1076),(466,1076),(467,1076),(468,1076),(469,1076),(470,1076),(471,1076),(472,1076),(473,1076),(474,1076),(475,1076),(476,1076),(477,1076),(478,1076),(479,1076),(480,1076),(481,1076),(482,1076),(483,1076),(484,1076),(485,1076),(486,1076),(487,1076),(488,1076),(489,1076),(490,1076),(491,1076),(492,1076),(493,1076),(494,1076),(495,1076),(496,1076),(497,1076),(498,1076),(499,1076),(500,1076),(501,1076),(502,1076),(503,1076),(504,1076),(505,1076),(506,1076),(507,1076),(508,1076),(509,1076),(510,1076),(511,1076),(512,1076),(513,1076),(514,1076),(515,1076),(516,1076),(517,1076),(518,1076),(519,1076),(520,1076),(521,1076),(522,1076),(523,1076),(524,1076),(525,1076),(526,1076),(527,1076),(528,1076),(529,1076),(530,1076),(531,1076),(532,1076),(533,1076),(534,1076),(535,1076),(536,1076),(537,1076),(538,1076),(539,1076),(540,1076),(541,1076),(434,1077),(435,1077),(436,1077),(437,1077),(438,1077),(434,1078),(435,1079),(436,1080),(437,1081),(438,1082),(439,1083),(440,1083),(439,1084),(440,1085),(441,1086),(442,1086),(443,1086),(444,1086),(445,1086),(441,1087),(442,1088),(443,1089),(444,1090),(445,1091),(446,1092),(447,1092),(448,1092),(449,1092),(446,1093),(447,1094),(448,1095),(449,1096),(450,1097),(451,1097),(452,1097),(453,1097),(450,1098),(451,1099),(452,1100),(453,1101),(454,1102),(455,1102),(456,1102),(457,1102),(454,1103),(455,1104),(456,1105),(457,1106),(458,1107),(459,1107),(460,1107),(461,1107),(462,1107),(463,1107),(458,1108),(459,1109),(460,1110),(461,1111),(462,1112),(463,1113),(464,1114),(465,1114),(466,1114),(467,1114),(468,1114),(464,1115),(465,1116),(466,1117),(467,1118),(468,1119),(469,1120),(470,1120),(471,1120),(472,1120),(469,1121),(470,1122),(471,1123),(472,1124),(473,1125),(474,1125),(475,1125),(476,1125),(473,1126),(474,1127),(475,1128),(476,1129),(477,1130),(478,1130),(479,1130),(477,1131),(478,1132),(479,1133),(480,1134),(481,1134),(482,1134),(483,1134),(484,1134),(485,1134),(486,1134),(480,1135),(481,1136),(482,1137),(483,1138),(484,1139),(485,1140),(486,1141),(487,1142),(488,1142),(489,1142),(490,1142),(491,1142),(487,1143),(488,1144),(489,1145),(490,1146),(491,1147),(492,1148),(493,1148),(494,1148),(495,1148),(492,1149),(493,1150),(494,1151),(495,1152),(496,1153),(496,1154),(497,1155),(498,1155),(499,1155),(500,1155),(497,1156),(498,1157),(499,1158),(500,1159),(501,1160),(502,1160),(503,1160),(504,1160),(505,1160),(506,1160),(501,1161),(502,1162),(503,1163),(504,1164),(505,1165),(506,1166),(507,1167),(508,1167),(509,1167),(510,1167),(511,1167),(512,1167),(507,1168),(508,1169),(509,1170),(510,1171),(511,1172),(512,1173),(513,1174),(514,1174),(515,1174),(516,1174),(517,1174),(518,1174),(513,1175),(514,1176),(515,1177),(516,1178),(517,1179),(518,1180),(519,1181),(520,1181),(521,1181),(522,1181),(523,1181),(519,1182),(520,1183),(521,1184),(522,1185),(523,1186),(524,1187),(525,1187),(526,1187),(527,1187),(528,1187),(529,1187),(530,1187),(524,1188),(525,1189),(526,1190),(527,1191),(528,1192),(529,1193),(530,1194),(531,1195),(532,1195),(533,1195),(534,1195),(535,1195),(531,1196),(532,1197),(533,1198),(534,1199),(535,1200),(536,1201),(536,1202),(537,1203),(538,1203),(539,1203),(540,1203),(541,1203),(537,1204),(538,1205),(539,1206),(540,1207),(541,1208),(542,1209),(543,1209),(544,1209),(545,1209),(546,1209),(547,1209),(548,1209),(549,1209),(550,1209),(551,1209),(552,1209),(553,1209),(554,1209),(555,1209),(556,1209),(557,1209),(558,1209),(559,1209),(560,1209),(561,1209),(562,1209),(563,1209),(564,1209),(565,1209),(566,1209),(567,1209),(568,1209),(569,1209),(570,1209),(571,1209),(572,1209),(573,1209),(574,1209),(575,1209),(576,1209),(577,1209),(578,1209),(579,1209),(580,1209),(581,1209),(582,1209),(583,1209),(584,1209),(585,1209),(586,1209),(587,1209),(588,1209),(589,1209),(590,1209),(591,1209),(592,1209),(593,1209),(594,1209),(595,1209),(596,1209),(597,1209),(598,1209),(599,1209),(600,1209),(601,1209),(602,1209),(603,1209),(604,1209),(605,1209),(606,1209),(607,1209),(608,1209),(609,1209),(610,1209),(611,1209),(612,1209),(613,1209),(614,1209),(615,1209),(616,1209),(617,1209),(618,1209),(619,1209),(620,1209),(621,1209),(622,1209),(623,1209),(624,1209),(625,1209),(626,1209),(627,1209),(628,1209),(629,1209),(630,1209),(631,1209),(632,1209),(633,1209),(634,1209),(635,1209),(636,1209),(637,1209),(638,1209),(639,1209),(640,1209),(641,1209),(642,1209),(643,1209),(644,1209),(645,1209),(646,1209),(647,1209),(648,1209),(649,1209),(542,1210),(543,1210),(544,1210),(545,1210),(546,1210),(542,1211),(543,1212),(544,1213),(545,1214),(546,1215),(547,1216),(548,1216),(547,1217),(548,1218),(549,1219),(550,1219),(551,1219),(552,1219),(553,1219),(549,1220),(550,1221),(551,1222),(552,1223),(553,1224),(554,1225),(555,1225),(556,1225),(557,1225),(554,1226),(555,1227),(556,1228),(557,1229),(558,1230),(559,1230),(560,1230),(561,1230),(558,1231),(559,1232),(560,1233),(561,1234),(562,1235),(563,1235),(564,1235),(565,1235),(562,1236),(563,1237),(564,1238),(565,1239),(566,1240),(567,1240),(568,1240),(569,1240),(570,1240),(571,1240),(566,1241),(567,1242),(568,1243),(569,1244),(570,1245),(571,1246),(572,1247),(573,1247),(574,1247),(575,1247),(576,1247),(572,1248),(573,1249),(574,1250),(575,1251),(576,1252),(577,1253),(578,1253),(579,1253),(580,1253),(577,1254),(578,1255),(579,1256),(580,1257),(581,1258),(582,1258),(583,1258),(584,1258),(581,1259),(582,1260),(583,1261),(584,1262),(585,1263),(586,1263),(587,1263),(585,1264),(586,1265),(587,1266),(588,1267),(589,1267),(590,1267),(591,1267),(592,1267),(593,1267),(594,1267),(588,1268),(589,1269),(590,1270),(591,1271),(592,1272),(593,1273),(594,1274),(595,1275),(596,1275),(597,1275),(598,1275),(599,1275),(595,1276),(596,1277),(597,1278),(598,1279),(599,1280),(600,1281),(601,1281),(602,1281),(603,1281),(600,1282),(601,1283),(602,1284),(603,1285),(604,1286),(604,1287),(605,1288),(606,1288),(607,1288),(608,1288),(605,1289),(606,1290),(607,1291),(608,1292),(609,1293),(610,1293),(611,1293),(612,1293),(613,1293),(614,1293),(609,1294),(610,1295),(611,1296),(612,1297),(613,1298),(614,1299),(615,1300),(616,1300),(617,1300),(618,1300),(619,1300),(620,1300),(615,1301),(616,1302),(617,1303),(618,1304),(619,1305),(620,1306),(621,1307),(622,1307),(623,1307),(624,1307),(625,1307),(626,1307),(621,1308),(622,1309),(623,1310),(624,1311),(625,1312),(626,1313),(627,1314),(628,1314),(629,1314),(630,1314),(631,1314),(627,1315),(628,1316),(629,1317),(630,1318),(631,1319),(632,1320),(633,1320),(634,1320),(635,1320),(636,1320),(637,1320),(638,1320),(632,1321),(633,1322),(634,1323),(635,1324),(636,1325),(637,1326),(638,1327),(639,1328),(640,1328),(641,1328),(642,1328),(643,1328),(639,1329),(640,1330),(641,1331),(642,1332),(643,1333),(644,1334),(644,1335),(645,1336),(646,1336),(647,1336),(648,1336),(649,1336),(645,1337),(646,1338),(647,1339),(648,1340),(649,1341),(650,1342),(651,1342),(652,1342),(653,1342),(654,1342),(655,1342),(656,1342),(657,1342),(658,1342),(659,1342),(660,1342),(661,1342),(662,1342),(663,1342),(664,1342),(665,1342),(666,1342),(667,1342),(668,1342),(669,1342),(670,1342),(671,1342),(672,1342),(673,1342),(674,1342),(675,1342),(676,1342),(677,1342),(678,1342),(679,1342),(680,1342),(681,1342),(682,1342),(683,1342),(684,1342),(685,1342),(686,1342),(687,1342),(688,1342),(689,1342),(690,1342),(691,1342),(692,1342),(693,1342),(694,1342),(695,1342),(696,1342),(697,1342),(698,1342),(699,1342),(700,1342),(701,1342),(702,1342),(703,1342),(704,1342),(705,1342),(706,1342),(707,1342),(708,1342),(709,1342),(710,1342),(711,1342),(712,1342),(713,1342),(714,1342),(715,1342),(716,1342),(717,1342),(718,1342),(719,1342),(720,1342),(721,1342),(722,1342),(723,1342),(724,1342),(725,1342),(726,1342),(727,1342),(728,1342),(729,1342),(730,1342),(731,1342),(732,1342),(733,1342),(734,1342),(735,1342),(736,1342),(737,1342),(738,1342),(739,1342),(740,1342),(741,1342),(742,1342),(743,1342),(744,1342),(745,1342),(746,1342),(747,1342),(748,1342),(749,1342),(750,1342),(751,1342),(752,1342),(753,1342),(754,1342),(755,1342),(756,1342),(757,1342),(650,1343),(651,1343),(652,1343),(653,1343),(654,1343),(650,1344),(651,1345),(652,1346),(653,1347),(654,1348),(655,1349),(656,1349),(655,1350),(656,1351),(657,1352),(658,1352),(659,1352),(660,1352),(661,1352),(657,1353),(658,1354),(659,1355),(660,1356),(661,1357),(662,1358),(663,1358),(664,1358),(665,1358),(662,1359),(663,1360),(664,1361),(665,1362),(666,1363),(667,1363),(668,1363),(669,1363),(666,1364),(667,1365),(668,1366),(669,1367),(670,1368),(671,1368),(672,1368),(673,1368),(670,1369),(671,1370),(672,1371),(673,1372),(674,1373),(675,1373),(676,1373),(677,1373),(678,1373),(679,1373),(674,1374),(675,1375),(676,1376),(677,1377),(678,1378),(679,1379),(680,1380),(681,1380),(682,1380),(683,1380),(684,1380),(680,1381),(681,1382),(682,1383),(683,1384),(684,1385),(685,1386),(686,1386),(687,1386),(688,1386),(685,1387),(686,1388),(687,1389),(688,1390),(689,1391),(690,1391),(691,1391),(692,1391),(689,1392),(690,1393),(691,1394),(692,1395),(693,1396),(694,1396),(695,1396),(693,1397),(694,1398),(695,1399),(696,1400),(697,1400),(698,1400),(699,1400),(700,1400),(701,1400),(702,1400),(696,1401),(697,1402),(698,1403),(699,1404),(700,1405),(701,1406),(702,1407),(703,1408),(704,1408),(705,1408),(706,1408),(707,1408),(703,1409),(704,1410),(705,1411),(706,1412),(707,1413),(708,1414),(709,1414),(710,1414),(711,1414),(708,1415),(709,1416),(710,1417),(711,1418),(712,1419),(712,1420),(713,1421),(714,1421),(715,1421),(716,1421),(713,1422),(714,1423),(715,1424),(716,1425),(717,1426),(718,1426),(719,1426),(720,1426),(721,1426),(722,1426),(717,1427),(718,1428),(719,1429),(720,1430),(721,1431),(722,1432),(723,1433),(724,1433),(725,1433),(726,1433),(727,1433),(728,1433),(723,1434),(724,1435),(725,1436),(726,1437),(727,1438),(728,1439),(729,1440),(730,1440),(731,1440),(732,1440),(733,1440),(734,1440),(729,1441),(730,1442),(731,1443),(732,1444),(733,1445),(734,1446),(735,1447),(736,1447),(737,1447),(738,1447),(739,1447),(735,1448),(736,1449),(737,1450),(738,1451),(739,1452),(740,1453),(741,1453),(742,1453),(743,1453),(744,1453),(745,1453),(746,1453),(740,1454),(741,1455),(742,1456),(743,1457),(744,1458),(745,1459),(746,1460),(747,1461),(748,1461),(749,1461),(750,1461),(751,1461),(747,1462),(748,1463),(749,1464),(750,1465),(751,1466),(752,1467),(752,1468),(753,1469),(754,1469),(755,1469),(756,1469),(757,1469),(753,1470),(754,1471),(755,1472),(756,1473),(757,1474),(758,1475),(759,1475),(760,1475),(761,1475),(762,1475),(758,1476),(759,1477),(760,1478),(761,1479),(762,1480),(763,1481),(764,1481),(763,1482),(764,1483),(765,1484),(766,1484),(767,1484),(768,1484),(769,1484),(765,1485),(766,1486),(767,1487),(768,1488),(769,1489),(770,1490),(771,1490),(772,1490),(773,1490),(770,1491),(771,1492),(772,1493),(773,1494),(774,1495),(775,1495),(776,1495),(777,1495),(774,1496),(775,1497),(776,1498),(777,1499),(778,1500),(779,1500),(780,1500),(781,1500),(778,1501),(779,1502),(780,1503),(781,1504),(782,1505),(783,1505),(784,1505),(785,1505),(786,1505),(787,1505),(782,1506),(783,1507),(784,1508),(785,1509),(786,1510),(787,1511),(788,1512),(789,1512),(790,1512),(791,1512),(792,1512),(788,1513),(789,1514),(790,1515),(791,1516),(792,1517),(793,1518),(794,1518),(795,1518),(796,1518),(793,1519),(794,1520),(795,1521),(796,1522),(797,1523),(798,1523),(799,1523),(800,1523),(797,1524),(798,1525),(799,1526),(800,1527),(801,1528),(802,1528),(803,1528),(801,1529),(802,1530),(803,1531),(804,1532),(805,1532),(806,1532),(807,1532),(808,1532),(809,1532),(810,1532),(804,1533),(805,1534),(806,1535),(807,1536),(808,1537),(809,1538),(810,1539),(811,1540),(812,1540),(813,1540),(814,1540),(815,1540),(811,1541),(812,1542),(813,1543),(814,1544),(815,1545),(816,1546),(817,1546),(818,1546),(819,1546),(816,1547),(817,1548),(818,1549),(819,1550),(820,1551),(820,1552),(821,1553),(822,1553),(823,1553),(824,1553),(821,1554),(822,1555),(823,1556),(824,1557),(825,1558),(826,1558),(827,1558),(828,1558),(829,1558),(830,1558),(825,1559),(826,1560),(827,1561),(828,1562),(829,1563),(830,1564),(831,1565),(832,1565),(833,1565),(834,1565),(835,1565),(836,1565),(831,1566),(832,1567),(833,1568),(834,1569),(835,1570),(836,1571),(837,1572),(838,1572),(839,1572),(840,1572),(841,1572),(842,1572),(837,1573),(838,1574),(839,1575),(840,1576),(841,1577),(842,1578),(843,1579),(844,1579),(845,1579),(846,1579),(847,1579),(843,1580),(844,1581),(845,1582),(846,1583),(847,1584),(848,1585),(849,1585),(850,1585),(851,1585),(852,1585),(853,1585),(854,1585),(848,1586),(849,1587),(850,1588),(851,1589),(852,1590),(853,1591),(854,1592),(855,1593),(856,1593),(857,1593),(858,1593),(859,1593),(855,1594),(856,1595),(857,1596),(858,1597),(859,1598),(860,1599),(860,1600),(861,1601),(862,1602),(863,1603),(864,1604);
/*!40000 ALTER TABLE `titles_terms` ENABLE KEYS */;
UNLOCK TABLES;

--
-- Table structure for table `portals_titles`
--

DROP TABLE IF EXISTS `portals_titles`;
/*!40101 SET @saved_cs_client     = @@character_set_client */;
/*!40101 SET character_set_client = utf8 */;
CREATE TABLE `portals_titles` (
  `portal_id` varchar(64) NOT NULL DEFAULT '',
  `title_id` int(11) NOT NULL DEFAULT '0',
  PRIMARY KEY (`portal_id`,`title_id`),
  KEY `title_id` (`title_id`),
  CONSTRAINT `portals_titles_ibfk_1` FOREIGN KEY (`portal_id`) REFERENCES `portal` (`id`) ON DELETE CASCADE ON UPDATE CASCADE,
  CONSTRAINT `portals_titles_ibfk_2` FOREIGN KEY (`title_id`) REFERENCES `titles` (`id`) ON DELETE CASCADE ON UPDATE CASCADE
) ENGINE=InnoDB DEFAULT CHARSET=utf8;
/*!40101 SET character_set_client = @saved_cs_client */;

--
-- Dumping data for table `portals_titles`
--

LOCK TABLES `portals_titles` WRITE;
/*!40000 ALTER TABLE `portals_titles` DISABLE KEYS */;
INSERT INTO `portals_titles` VALUES ('parl',433),('parl',434),('parl',435),('parl',436),('parl',437),('parl',438),('parl',439),('parl',440),('parl',441),('parl',442),('parl',443),('parl',444),('parl',445),('parl',446),('parl',447),('parl',448),('parl',449),('parl',450),('parl',451),('parl',452),('parl',453),('parl',454),('parl',455),('parl',456),('parl',457),('parl',458),('parl',459),('parl',460),('parl',461),('parl',462),('parl',463),('parl',464),('parl',465),('parl',466),('parl',467),('parl',468),('parl',469),('parl',470),('parl',471),('parl',472),('parl',473),('parl',474),('parl',475),('parl',476),('parl',477),('parl',478),('parl',479),('parl',480),('parl',481),('parl',482),('parl',483),('parl',484),('parl',485),('parl',486),('parl',487),('parl',488),('parl',489),('parl',490),('parl',491),('parl',492),('parl',493),('parl',494),('parl',495),('parl',496),('parl',497),('parl',498),('parl',499),('parl',500),('parl',501),('parl',502),('parl',503),('parl',504),('parl',505),('parl',506),('parl',507),('parl',508),('parl',509),('parl',510),('parl',511),('parl',512),('parl',513),('parl',514),('parl',515),('parl',516),('parl',517),('parl',518),('parl',519),('parl',520),('parl',521),('parl',522),('parl',523),('parl',524),('parl',525),('parl',526),('parl',527),('parl',528),('parl',529),('parl',530),('parl',531),('parl',532),('parl',533),('parl',534),('parl',535),('parl',536),('parl',537),('parl',538),('parl',539),('parl',540),('parl',541),('parl',542),('parl',543),('parl',544),('parl',545),('parl',546),('parl',547),('parl',548),('parl',549),('parl',550),('parl',551),('parl',552),('parl',553),('parl',554),('parl',555),('parl',556),('parl',557),('parl',558),('parl',559),('parl',560),('parl',561),('parl',562),('parl',563),('parl',564),('parl',565),('parl',566),('parl',567),('parl',568),('parl',569),('parl',570),('parl',571),('parl',572),('parl',573),('parl',574),('parl',575),('parl',576),('parl',577),('parl',578),('parl',579),('parl',580),('parl',581),('parl',582),('parl',583),('parl',584),('parl',585),('parl',586),('parl',587),('parl',588),('parl',589),('parl',590),('parl',591),('parl',592),('parl',593),('parl',594),('parl',595),('parl',596),('parl',597),('parl',598),('parl',599),('parl',600),('parl',601),('parl',602),('parl',603),('parl',604),('parl',605),('parl',606),('parl',607),('parl',608),('parl',609),('parl',610),('parl',611),('parl',612),('parl',613),('parl',614),('parl',615),('parl',616),('parl',617),('parl',618),('parl',619),('parl',620),('parl',621),('parl',622),('parl',623),('parl',624),('parl',625),('parl',626),('parl',627),('parl',628),('parl',629),('parl',630),('parl',631),('parl',632),('parl',633),('parl',634),('parl',635),('parl',636),('parl',637),('parl',638),('parl',639),('parl',640),('parl',641),('parl',642),('parl',643),('parl',644),('parl',645),('parl',646),('parl',647),('parl',648),('parl',649),('parl',650),('parl',651),('parl',652),('parl',653),('parl',654),('parl',655),('parl',656),('parl',657),('parl',658),('parl',659),('parl',660),('parl',661),('parl',662),('parl',663),('parl',664),('parl',665),('parl',666),('parl',667),('parl',668),('parl',669),('parl',670),('parl',671),('parl',672),('parl',673),('parl',674),('parl',675),('parl',676),('parl',677),('parl',678),('parl',679),('parl',680),('parl',681),('parl',682),('parl',683),('parl',684),('parl',685),('parl',686),('parl',687),('parl',688),('parl',689),('parl',690),('parl',691),('parl',692),('parl',693),('parl',694),('parl',695),('parl',696),('parl',697),('parl',698),('parl',699),('parl',700),('parl',701),('parl',702),('parl',703),('parl',704),('parl',705),('parl',706),('parl',707),('parl',708),('parl',709),('parl',710),('parl',711),('parl',712),('parl',713),('parl',714),('parl',715),('parl',716),('parl',717),('parl',718),('parl',719),('parl',720),('parl',721),('parl',722),('parl',723),('parl',724),('parl',725),('parl',726),('parl',727),('parl',728),('parl',729),('parl',730),('parl',731),('parl',732),('parl',733),('parl',734),('parl',735),('parl',736),('parl',737),('parl',738),('parl',739),('parl',740),('parl',741),('parl',742),('parl',743),('parl',744),('parl',745),('parl',746),('parl',747),('parl',748),('parl',749),('parl',750),('parl',751),('parl',752),('parl',753),('parl',754),('parl',755),('parl',756),('parl',757),('parl',758),('parl',759),('parl',760),('parl',761),('parl',762),('parl',763),('parl',764),('parl',765),('parl',766),('parl',767),('parl',768),('parl',769),('parl',770),('parl',771),('parl',772),('parl',773),('parl',774),('parl',775),('parl',776),('parl',777),('parl',778),('parl',779),('parl',780),('parl',781),('parl',782),('parl',783),('parl',784),('parl',785),('parl',786),('parl',787),('parl',788),('parl',789),('parl',790),('parl',791),('parl',792),('parl',793),('parl',794),('parl',795),('parl',796),('parl',797),('parl',798),('parl',799),('parl',800),('parl',801),('parl',802),('parl',803),('parl',804),('parl',805),('parl',806),('parl',807),('parl',808),('parl',809),('parl',810),('parl',811),('parl',812),('parl',813),('parl',814),('parl',815),('parl',816),('parl',817),('parl',818),('parl',819),('parl',820),('parl',821),('parl',822),('parl',823),('parl',824),('parl',825),('parl',826),('parl',827),('parl',828),('parl',829),('parl',830),('parl',831),('parl',832),('parl',833),('parl',834),('parl',835),('parl',836),('parl',837),('parl',838),('parl',839),('parl',840),('parl',841),('parl',842),('parl',843),('parl',844),('parl',845),('parl',846),('parl',847),('parl',848),('parl',849),('parl',850),('parl',851),('parl',852),('parl',853),('parl',854),('parl',855),('parl',856),('parl',857),('parl',858),('parl',859),('parl',860),('parl',861),('parl',862),('parl',863),('parl',864);
/*!40000 ALTER TABLE `portals_titles` ENABLE KEYS */;
UNLOCK TABLES;
/*!40103 SET TIME_ZONE=@OLD_TIME_ZONE */;

/*!40101 SET SQL_MODE=@OLD_SQL_MODE */;
/*!40014 SET FOREIGN_KEY_CHECKS=@OLD_FOREIGN_KEY_CHECKS */;
/*!40014 SET UNIQUE_CHECKS=@OLD_UNIQUE_CHECKS */;
/*!40101 SET CHARACTER_SET_CLIENT=@OLD_CHARACTER_SET_CLIENT */;
/*!40101 SET CHARACTER_SET_RESULTS=@OLD_CHARACTER_SET_RESULTS */;
/*!40101 SET COLLATION_CONNECTION=@OLD_COLLATION_CONNECTION */;
/*!40111 SET SQL_NOTES=@OLD_SQL_NOTES */;

-- Dump completed on 2013-02-20 14:30:04
